ID,title,Directed by ,Written by,Produced by ,Starring,Cinematography,Edited by ,Music by,Produced companies,distributed by,Running time, budget , box office , net profit/loss 
113,Jem and the Holograms,Jon M. Chu,,"Jason Blum, Jon M. Chu, Scooter Braun, Brian Goldner, Stephen Davis, Bennett Schneir","Aubrey Peeples, Stefanie Scott, Hayley Kiyoko, Aurora Perrineau, Ryan Guzman, Molly Ringwald, Juliette Lewis",Alice Brooks,"Jillian Moul, Michael Trent",Nathan Lanier,"Allspark Pictures, Blumhouse Productions, Chu Studios, SB Projects",Universal Pictures,118 minutes ," $50,00,000.00 "," $23,00,000.00 "," $-27,00,000.00 "
73,Moshi Monsters: The Movie,Wip Vernooij,Steve Cleverley Jocelyn Stevenson,Jocelyn Stevenson Giles Healy,"Emma Tate, Tom Clarke Hill, Phillipa Alexander, Keith Wickham",,Mark Edwards,Sanj Sen,"Mind Candy , Spider Eye Productions ",Universal Pictures,81 minutes ," $15,00,000.00 "," $29,00,000.00 "," $14,00,000.00 "
114,By the Sea,Angelina Jolie Pitt,Angelina Jolie Pitt,"Angelina Jolie Pitt, Brad Pitt","Brad Pitt, Angelina Jolie Pitt, Melanie Laurent, Niels Arestrup, Melvil Poupaud, Richard Bohringer",Christian Berger,"Martin Pensa, Patricia Rommel",Gabriel Yared,"Jolie Pas, Plan B Entertainment",Universal Pictures,122 minutes ," $1,00,00,000.00 "," $33,00,000.00 "," $-67,00,000.00 "
71,Man of Tai Chi,Keanu Reeves,Michael G. Cooney,Lemore Syvan,"Keanu Reeves, Tiger Chen, Iko Uwais, Karen Mok, Yu Hai, Ye Qing, Simon Yam",Elliot Davis,Derek Hui,Chan Kwong-wing,"Universal Pictures, Village Roadshow Pictures Asia, China Film Group, Wanda Media","China Film Group Wanda Media  , RADIUS-TWC  , Universal Pictures  ",105 minutes," $2,50,00,000.00 "," $55,00,000.00 "," $-1,95,00,000.00 "
21,Take Me Home Tonight,Michael Dowse,,"Ryan Kavanaugh , Jim Whitaker , Susan Bowen ","Topher Grace, Anna Faris, Dan Fogler, Teresa Palmer",Terry Stacey,Lee Haxall,Trevor Horn,"Imagine Entertainment, Rogue","Relativity Media   , Universal Pictures   ",97 minutes," $1,90,00,000.00 "," $74,00,000.00 "," $-1,16,00,000.00 "
162,Loro,Paolo Sorrentino,Paolo Sorrentino Umberto Contarello,Francesca Cima Nicola Giuliano,Toni Servillo Elena Sofia Ricci Riccardo Scamarcio,Luca Bigazzi,Cristiano Travaglioli,Lele Marchitelli,Indigo Film ,"Focus Features  Universal Pictures   , Path A Distribution  ",204 minutes ," $2,10,00,000.00 "," $76,00,000.00 "," $-1,34,00,000.00 "
6,MacGruber,Jorma Taccone,,"Lorne Michaels, John Goldwyn","Will Forte, Kristen Wiig, Ryan Phillippe, Val Kilmer, Maya Rudolph, Powers Boothe",Brandon Trost,Jamie Gross,Matthew Compton,"Rogue Pictures, Relativity Media, Michaels - Goldwyn",Universal Pictures,91 minutes ," $1,00,00,000.00 "," $93,00,000.00 "," $-7,00,000.00 "
124,Popstar: Never Stop Never Stopping,"Akiva Schaffer, Jorma Taccone","Andy Samberg, Akiva Schaffer, Jorma Taccone","Judd Apatow, Rodney Rothman, Andy Samberg, Akiva Schaffer, Jorma Taccone","Andy Samberg, Jorma Taccone, Akiva Schaffer, Sarah Silverman, Tim Meadows",Brandon Trost,"Jamie Gross, Craig Alpert, Stacey Schroeder",Matthew Compton,"Perfect World Pictures, Apatow Company, The Lonely Island",Universal Pictures,87 minutes ," $2,00,00,000.00 "," $97,00,000.00 "," $-1,03,00,000.00 "
152,Thank You for Your Service,Jason Hall,,Jon Kilik,"Miles Teller, Haley Bennett, Joe Cole, Amy Schumer, Beulah Koale, Scott Haze",Roman Vasyanov,"Jay Cassidy, Dino Jons√§ter",Thomas Newman,"DreamWorks Pictures , Reliance Entertainment, Rahway Road Productions","Universal Pictures   ,  Mister Smith Entertainment   ",108 minutes ," $2,00,00,000.00 "," $1,00,00,000.00 "," $-1,00,00,000.00 "
110,The Green Inferno,Eli Roth,,"Eli Roth, Miguel Asensio Llamas, Nicolas Lapez, Christopher Woodrow, Molly Conners","Lorenza Izzo, Ariel Levy, Daryl Sabara, Kirby Bliss Blanton, Sky Ferreira, Magda Apanowicz, Nicolas Martinez, Aaron Burns, Ignacia Allamand, Raman Llao, Richard Burgi",Antonio Quercia,Ernesto Diaz Espinoza,Manuel Riveiro,"Worldview Entertainment, Open Road Films, Dragonfly Entertainment, Sobras International Pictures","High Top Releasing, BH Tilt , Universal Pictures  , Entertainment One   ",100 minutes ," $50,00,000.00 "," $1,29,00,000.00 "," $79,00,000.00 "
176,Welcome to Marwen,Robert Zemeckis,,"Jack Rapke, Steve Starkey, Robert Zemeckis","Steve Carell, Leslie Mann, Diane Kruger, Merritt Wever, Janelle Monae , Eiza  , Gwendoline Christie, Leslie Zemeckis, Siobhan Williams, Neil Jackson",C. Kim Miles,Jeremiah ODriscoll,Alan Silvestri,"Universal Pictures , DreamWorks Pictures , ImageMovers , Perfect World Pictures ",Universal Pictures ,116 minutes," $5,00,00,000.00 "," $1,31,00,000.00 "," $-3,69,00,000.00 "
69,All Is Lost,J. C. Chandor,J. C. Chandor,"Justin Nappi, Teddy Schwarzman, Neal Dodson, Anna Gerb",Robert Redford,Frank G. DeMarco,Pete Beaudreau,Alex Ebert,"Black Bear Pictures , Treehouse Pictures , Before the Door Pictures , Washington Square Films , Sudden Storm Productions ","Lionsgate   Roadside Attractions   , FilmNation Entertainment   ",105 minutes ," $85,00,000.00 "," $1,36,00,000.00 "," $51,00,000.00 "
149,Woody Woodpecker,Alex Zamm,,Mike Elliott,"Eric Bauza, Timothy Omundson, Graham Verchere, Thaila Ayala, Jordana Largy, Scott McNeil, Adrian Glynn McMorran, Emily Holmes",Barry Donlevy,Heath Ryan,Chris Hajian,"Universal Animation Studios, Universal  Entertainment",Universal Pictures,91 minutes," $1,00,00,000.00 "," $1,53,00,000.00 "," $53,00,000.00 "
3,Repo Men,Miguel Sapochnik,Eric Garcia Garrett Lerner,Scott Stuber,Jude Law Forest Whitaker Liev Schreiber Alice Braga Carice van Houten Chandler Canterbury RZA Yvette Nicole Brown,Enrique Chediak,Richard Francis-Bruce,Marco Beltrami,Relativity Media Stuber Pictures,Universal Pictures,119 minutes  ," $3,20,00,000.00 "," $1,84,00,000.00 "," $-1,36,00,000.00 "
195,Black Christmas,Sophia Takal,,"Jason Blum, Ben Cosgrove, Adam Hendricks, Brigitte Berman","Imogen Poots, Aleyse Shannon, Lily Donoghue, Brittany OGrady, Caleb Eberhardt, Cary Elwes",Mark Schwartzbard ,"Jeff Betancourt, Ben Baudhuin","Will Blair, Brooke Blair","Blumhouse Productions, Divide Conquer",Universal Pictures,92 minutes ," $50,00,000.00 "," $1,85,00,000.00 "," $1,35,00,000.00 "
95,Blackhat,Michael Mann,Morgan Davis Foehl,"Thomas Tull, Michael Mann, Jon Jashni","Chris Hemsworth, Tang Wei, Viola Davis, Ritchie Coster, Holt McCallany, Yorick van Wageningen, Wang Leehom",Stuart Dryburgh,"Joe Walker, Stephen E. Rivkin, Jeremiah ODriscoll, Mako Kamitsuna, Kevin Stitt","Harry Gregson-Williams, Atticus Ross, Leo Ross ","Legendary Pictures, Forward Pass",Universal Pictures,133 minutes ," $7,00,00,000.00 "," $1,97,00,000.00 "," $-5,03,00,000.00 "
52,The Man with the Iron Fists,RZA,,"Eli Roth, Marc Abraham, Eric Newman, Thomas A. Bliss","Russell Crowe, Cung Le, Lucy Liu, Byron Mann, RZA, Rick Yune, David Bautista, Jamie Chung",Chi Ying Chan,Joe DAugustine,"RZA, Howard Drossin","Strike Entertainment, Arcade Pictures",Universal Pictures,96 minutes ," $1,50,00,000.00 "," $2,05,00,000.00 "," $55,00,000.00 "
133,Kevin Hart: What Now?,"Leslie Small , Tim Story","Kevin Hart, Harry Ratchford, Joey Wells","Jeff Clanagan, Kevin Hart, Blake Morrison, Valerie Bleth Sharp",Kevin Hart,"Cameron Barnett, Christopher Duskin","Peter S. Elliot, Guy Harding",Christopher Lennertz,,Universal Pictures,96 minutes ," $99,00,000.00 "," $2,36,00,000.00 "," $1,37,00,000.00 "
37,Wanderlust,David Wain,"David Wain, Ken Marino","Judd Apatow, Ken Marino, Paul Rudd, David Wain","Paul Rudd, Jennifer Aniston, Justin Theroux, Malin Akerman, Kathryn Hahn, Lauren Ambrose, Alan Alda",Michael Bonvillain,"David Moritz, Robert Nassau",Craig Wedren,"A Hot Dog Productions, Apatow Productions, Relativity Media",Universal Pictures,98 minutes ," $3,50,00,000.00 "," $2,42,00,000.00 "," $-1,08,00,000.00 "
139,The Snow Queen 3,Aleksey Tsitsilin,"Aleksey Tsitsilin, Vladimir Nikolaev, Alexey Zamyslov, Andrey Korenkov","Yuri Moskvin, Vladimir Nikolaev","Natalya Bystrova , Nikolay Bystrov, Filipp Lebedev, Olga Zubkova , Diomid Vinogradov, Olga Shorokhova, Vsevolod Kuznetsov , Irina Deriyenkova, Aleksandr Gruzdev",,Robert Lence,Fabrizio Mancinelli,"Wizart Animation, Beep ",Universal Pictures,89 minutes ," $63,00,000.00 "," $2,46,00,000.00 "," $1,83,00,000.00 "
35,Big Miracle,Ken Kwapis,,Steve Golin Michael Sugar Tim Bevan Liza Chasin Eric Fellner,Drew Barrymore John Krasinski Kristen Bell Dermot Mulroney Tim Blake Nelson Vinessa Shaw Ted Danson,John Bailey,Cara Silverman,Cliff Eidelman,Anonymous Content Working Title Films,Universal Pictures,107 minutes," $4,00,00,000.00 "," $2,47,00,000.00 "," $-1,53,00,000.00 "
24,Your Highness,David Gordon Green,"Danny McBride, Ben Best",Scott Stuber,"Danny McBride, James Franco, Natalie Portman, Zooey Deschanel, Justin Theroux, Toby Jones, Damian Lewis",Tim Orr,Craig Alpert,Steve Jablonsky,,Universal Pictures,102 minutes ," $5,00,00,000.00 "," $2,80,00,000.00 "," $-2,20,00,000.00 "
31,The Thing,Matthijs van Heijningen Jr.,Eric Heisserer,"Marc Abraham, Eric Newman","Mary Elizabeth Winstead, Joel Edgerton, Adewale Akinnuoye-Agbaje, Ulrich Thomsen, Eric Christian Olsen, Trond Espen Seim",Michel Abramowicz,"Julian Clarke, Peter Boyle",Marco Beltrami,"Strike Entertainment, Morgan Creek Productions",Universal Pictures,103 minutes ," $3,80,00,000.00 "," $3,15,00,000.00 "," $-65,00,000.00 "
0,Leap Year,Anand Tucker,"Harry Elfont, Deborah Kaplan","Gary Barber, Chris Bender, Roger Birnbaum, Jonathan Glickman, Jake Weiner","Amy Adams, Matthew Goode, Adam Scott, John Lithgow",Newton Thomas Sigel,Nick Moore,Randy Edelman,Spyglass Entertainment  BenderSpink,"Universal Pictures   , Optimum Releasing   ",100 minutes ," $1,90,00,000.00 "," $3,27,00,000.00 "," $1,37,00,000.00 "
84,Get On Up,Tate Taylor,,"Brian Grazer, Mick Jagger, Tate Taylor, Victoria Pearman","Chadwick Boseman, Nelsan Ellis, Dan Aykroyd, Viola Davis, Craig Robinson, Octavia Spencer",Stephen Goldblatt,Michael McCusker,Thomas Newman,"Imagine Entertainment, Jagged Films, Wyolah Films",Universal Pictures,139 minutes ," $3,00,00,000.00 "," $3,34,00,000.00 "," $34,00,000.00 "
111,Steve Jobs,Danny Boyle,,"Mark Gordon, Guymon Casady, Scott Rudin, Danny Boyle, Christian Colson","Michael Fassbender, Kate Winslet, Seth Rogen, Jeff Daniels, Michael Stuhlbarg, Katherine Waterston",Alwin Kachler,Elliot Graham,Daniel Pemberton,"Legendary Pictures, Scott Rudin Productions, Entertainment , The Mark Gordon Company, Decibel Films, Cloud Eight Films",Universal Pictures ,122 minutes ," $3,00,00,000.00 "," $3,44,00,000.00 "," $44,00,000.00 "
78,Endless Love,Shana Feste,Shana Feste Joshua Safran,Scott Stuber Pamela Abdy Josh Schwartz Stephanie Savage,"Alex Pettyfer, Gabriella Wilde, Bruce Greenwood, Joely Richardson, Robert Patrick",Andrew Dunn,Maryann Brandon,Christophe Beck,Bluegrass Films Fake Empire,Universal Pictures,105 minutes ," $2,00,00,000.00 "," $3,47,00,000.00 "," $1,47,00,000.00 "
101,Ex Machina,Alex Garland,Alex Garland,"Andrew Macdonald, Allon Reich","Domhnall Gleeson, Alicia Vikander, Oscar Isaac",Rob Hardy,Mark Day,"Ben Salisbury, Geoff Barrow","Film, DNA Films","A  , Universal Pictures International  ",108 minutes ," $1,50,00,000.00 "," $3,73,00,000.00 "," $2,23,00,000.00 "
94,The Water Diviner,Russell Crowe,"Andrew Anastasios, Andrew Knight","Troy Lum, Andrew Mason, Keith Rodger","Russell Crowe, Olga Kurylenko, Yilmaz Erdogan, Cem Yilmaz, Jai Courtney, Ryan Corr, James Fraser, Ben OToole, Isabel Lucas",Andrew Lesnie,Matt Villa,David Hirschfelder,"RatPac Entertainment, Seven Network Australia, Hopscotch Features, Fear of God Films","Entertainment One  , Universal Pictures  , Warner Bros Pictures  ",111 minutes ," $2,25,00,000.00 "," $3,82,00,000.00 "," $1,57,00,000.00 "
30,Dream House,Jim Sheridan,David Loucka,"James G. Robinson, David C. Robinson, Daniel Bobker, Ehren Kruger","Daniel Craig, Naomi Watts, Rachel Weisz, Marton Csokas, Elias Koteas, Jane Alexander",Caleb Deschanel,Glen Scantlebury Barbara Tulliver,John Debney,,Universal Pictures,92 minutes ," $5,00,00,000.00 "," $4,00,00,000.00 "," $-1,00,00,000.00 "
86,"As Above, So Below",John Erick Dowdle,"Drew Dowdle, John Erick Dowdle","Thomas Tull, Jon Jashni, Drew Dowdle, Patrick Aiello","Perdita Weeks, Ben Feldman, Edwin Hodge",Leo Hinstin,Elliot Greenberg,Keefus Ciancia,"Legendary Pictures , Brothers Dowdle ",Universal Pictures,93 minutes ," $1,00,00,000.00 "," $4,19,00,000.00 "," $3,19,00,000.00 "
136,Almost Christmas,David E. Talbert,David E. Talbert,"Will Packer, Mikael Hed","Kimberly Elise, Danny Glover, John Michael Higgins, Romany Malco, MoNique, J.B. Smoove, Gabrielle Union",Larry Blanford,Troy Takaki,John Paesano,"Will Packer Productions, Perfect World Pictures",Universal Pictures,111 minutes ," $1,70,00,000.00 "," $4,26,00,000.00 "," $2,56,00,000.00 "
115,Legend,Brian Helgeland,,"Tim Bevan, Eric Fellner, Chris Clark, Quentin Curtis, Brian Oliver","Tom Hardy, Emily Browning, David Thewlis, Duffy, Christopher Eccleston, Chazz Palminteri",Dick Pope,Peter McNulty,Carter Burwell,"Cross Creek Pictures , StudioCanal , Working Title Films , Anton Capital Entertainment ","StudioCanal   , Universal Pictures  ",131 minutes  ," $2,50,00,000.00 "," $4,30,00,000.00 "," $1,80,00,000.00 "
151,The Snowman,Tomas Alfredson,,"Tim Bevan, Eric Fellner, Piodor Gustafsson, Robyn Slovo","Michael Fassbender, Rebecca Ferguson, Charlotte Gainsbourg, Val Kilmer, J. K. Simmons",Dion Beebe,"Thelma Schoonmaker, Claire Simpson",Marco Beltrami,,Universal Pictures,119 minutes ," $3,50,00,000.00 "," $4,31,00,000.00 "," $81,00,000.00 "
66,The World's End,Edgar Wright,"Simon Pegg, Edgar Wright","Nira Park, Tim Bevan, Eric Fellner","Simon Pegg, Nick Frost, Paddy Considine, Martin Freeman, Eddie Marsan, Rosamund Pike",Bill Pope,Paul Machliss,Steven Price,"Relativity Media, Working Title Films, Big Talk Pictures, Dentsu","Focus Features  , Universal Pictures  ",109 minutes ," $2,00,00,000.00 "," $4,61,00,000.00 "," $2,61,00,000.00 "
193,Queen & Slim,Melina Matsoukas,,"Lena Waithe, Melina Matsoukas, Michelle Knudsen, Andrew Coles, Brad Weston, Pamela Abdy","Daniel Kaluuya, Jodie Turner-Smith, Bokeem Woodbine, Chloe Sevigny, Flea, Sturgill Simpson, Indya Moore",Tat Radcliffe,Pete Beaudreau,Devonte Hynes,"Universal Pictures , Entertainment One , Blackdot, Makeready, De La Films, Hillman Grad Productions, Bron Creative",Universal Pictures,132 minutes ," $2,00,00,000.00 "," $4,79,00,000.00 "," $2,79,00,000.00 "
10,Charlie St. Cloud,Burr Steers,,Marc Platt,"Zac Efron, Amanda Crew, Donal Logue, Charlie Tahan, Ray Liotta, Kim Basinger",Enrique Chediak,Padraic McKinley,Rolfe Kent,"Relativity Media, Marc Platt Productions",Universal Pictures,99 minutes," $4,40,00,000.00 "," $4,82,00,000.00 "," $42,00,000.00 "
182,Little,Tina Gordon,,"Will Packer, Kenya Barris, James Lopez","Regina Hall, Issa Rae, Marsai Martin",Greg Gardiner,David Moritz,Germaine Franco,"Legendary Pictures , Will Packer Productions , Perfect World Pictures",Universal Pictures ,109 minutes ," $2,00,00,000.00 "," $4,90,00,000.00 "," $2,90,00,000.00 "
12,Scott Pilgrim vs. the World,Edgar Wright,,"Eric Gitter, Nira Park, Marc Platt, Edgar Wright","Michael Cera, Mary Elizabeth Winstead, Kieran Culkin, Chris Evans, Anna Kendrick, Alison Pill, Brandon Routh, Jason Schwartzman",Bill Pope,"Jonathan Amos, Paul Machliss",Nigel Godrich,"Marc Platt Productions, Big Talk Films, Closed on Mondays Entertainment, Dentsu",Universal Pictures,112 minutes ," $8,50,00,000.00 "," $4,93,00,000.00 "," $-3,57,00,000.00 "
163,Breaking In,James McTeigue,,"Gabrielle Union, James Lopez, Sheila Hanahan Taylor, Craig Perry, Will Packer","Gabrielle Union, Billy Burke, Richard Cabral, Levi Meaden, Jason George, Ajiona Alexus, Seth Carr, Christa Miller",Toby Oliver,Joseph Jett Sally,Johnny Klimek,"Will Packer Productions , Practical Pictures",Universal Pictures,88 minutes ," $1,20,00,000.00 "," $5,14,00,000.00 "," $3,94,00,000.00 "
96,The Boy Next Door,Rob Cohen,Barbara Curry,"Jason Blum, John Jacobs, Elaine Goldsmith-Thomas, Benny Medina, Jennifer Lopez","Jennifer Lopez, Ryan Guzman, John Corbett, Ian Nelson, Kristin Chenoweth",Dave McFarland,Michel Aller,Randy Edelman Nathan Barr,"Smart Entertainment , Blumhouse Productions , Nuyorican Productions ",Universal Pictures ,91 minutes ," $40,00,000.00 "," $5,24,00,000.00 "," $4,84,00,000.00 "
40,The 5-Year Engagement,Nicholas Stoller,"Jason Segel, Nicholas Stoller","Judd Apatow, Nicholas Stoller, Rodney Rothman","Jason Segel, Emily Blunt, Rhys Ifans, Chris Pratt, Alison Brie",Javier Aguirresarobe,"William Kerr, Peck Prior",Michael Andrews,"Apatow Productions, Relativity Media",Universal Pictures,124 minutes," $3,00,00,000.00 "," $5,39,00,000.00 "," $2,39,00,000.00 "
65,Kick-Ass 2,Jeff Wadlow,,"Matthew Vaughn, Adam Bohling, Tarquin Pack, David Reid","Aaron Taylor-Johnson, Christopher Mintz-Plasse, Chloe Grace Moretz, Jim Carrey",Tim Maurice Jones,Eddie Hamilton,"Henry Jackman, Matthew Margeson","Universal Pictures, Marv Films, Plan B Entertainment ","Universal Pictures  , Toho-Towa   ",103 minutes ," $2,80,00,000.00 "," $6,08,00,000.00 "," $3,28,00,000.00 "
185,Ma,Tate Taylor,Scotty Landes,"Jason Blum, Tate Taylor, John Norris","Octavia Spencer, Juliette Lewis, Diana Silvers, Corey Fogelmanis, Gianni Paolo, McKaley Miller, Luke Evans",Christina Voros,"Lucy Donaldson, Jin Lee",Gregory Tripi,"Blumhouse Productions, Wyolah Films",Universal Pictures,99 minutes," $50,00,000.00 "," $6,12,00,000.00 "," $5,62,00,000.00 "
116,Krampus,Michael Dougherty,"Todd Casey, Michael Dougherty, Zach Shields","Thomas Tull, Jon Jashni, Alex Garcia, Michael Dougherty","Adam Scott, Toni Collette, David Koechner, Allison Tolman, Conchata Ferrell, Emjay Anthony, Stefania LaVie Owen, Krista Stadler",Jules OLoughlin,John Axelrad,Douglas Pipes,"Legendary Pictures, Zam Pictures",Universal Pictures,97 minutes ," $1,50,00,000.00 "," $6,15,00,000.00 "," $4,65,00,000.00 "
87,A Walk Among the Tombstones,Scott Frank,,"Danny DeVito, Michael Shamberg, Stacey Sher, Brian Oliver, Tobin Armbrust","Liam Neeson, Dan Stevens, David Harbour, Boyd Holbrook",Mihai MaÉlaimare Jr.,Jill Savitt,Carlos Rafael Rivera,"Cross Creek Pictures, Endgame Entertainment,  Private Defense Contractors, Exclusive Media, Jersey Films, Double Feature Films",Universal Pictures,114 minutes ," $2,80,00,000.00 "," $6,21,00,000.00 "," $3,41,00,000.00 "
14,Devil,John Erick Dowdle,,"M. Night Shyamalan, Sam Mercer","Chris Messina, Logan Marshall-Green, Geoffrey Arend, Bojana Novakovic, Jenny OHara, Bokeem Woodbine, Matt Craven, Jacob Vargas",Tak Fujimoto,Elliot Greenberg,Fernando Velazquez,"Media Rights Capital, The Night Chronicles",Universal Pictures,80 minutes ," $1,00,00,000.00 "," $6,26,00,000.00 "," $5,26,00,000.00 "
100,Unfriended,Leo Gabriadze,Nelson Greaves,"Timur Bekmambetov, Nelson Greaves","Shelley Hennig, Moses Storm, Renee Olstead, Will Peltz, Jacob Wysocki, Courtney Halverson, Heather Sossaman",Adam Sidman,"Parker Laramie, Andrew Wesman",,"Bazelevs Company, Blumhouse Productions",Universal Pictures,83 minutes ," $10,00,000.00 "," $6,29,00,000.00 "," $6,19,00,000.00 "
119,"Hail, Caesar!",Joel Coen Ethan Coen,"Joel Coen, Ethan Coen","Joel Coen, Ethan Coen, Tim Bevan, Eric Fellner","Josh Brolin, George Clooney, Alden Ehrenreich, Ralph Fiennes, Jonah Hill, Scarlett Johansson, Frances McDormand, Tilda Swinton, Channing Tatum",Roger Deakins,Reginald Jaynes a Roderick Jaynes,Carter Burwell,"Working Title Films, Mike Zoss Productions",Universal Pictures,106 minutes ," $2,20,00,000.00 "," $6,36,00,000.00 "," $4,16,00,000.00 "
179,Happy Death Day 2U,Christopher Landon,Christopher Landon,Jason Blum,"Jessica Rothe, Israel Broussard, Suraj Sharma, Steve Zissis",Toby Oliver,Ben Baudhuin,Bear McCreary,,Universal Pictures,100 minutes ," $90,00,000.00 "," $6,46,00,000.00 "," $5,56,00,000.00 "
16,Skyline,The Brothers Strause,"Joshua Cordes, Liam ODonnell","The Brothers Strause, Kristian Andresen, Liam ODonnell","Eric Balfour, Scottie Thompson, Brittany Daniel, David Zayas, Donald Faison",Michael Watson,Nicholas Wayman-Harris,Matthew Margeson,"Rogue, Relativity Media, Hydraulx Entertainment, Transmission, Rat Entertainment","Universal Pictures   , IM Global  ",94 minutes," $2,00,00,000.00 "," $6,83,00,000.00 "," $4,83,00,000.00 "
53,Anna Karenina,Joe Wright,,"Tim Bevan, Eric Fellner, Paul Webster","Keira Knightley, Jude Law, Aaron Johnson, Kelly Macdonald, Matthew Macfadyen, Domhnall Gleeson, Ruth Wilson, Alicia Vikander, Olivia Williams, Emily Watson",Seamus McGarvey,Melanie Oliver,Dario Marianelli,Working Title Films StudioCanal,"Universal Pictures  , Focus Features  ",130 minutes ," $4,06,00,000.00 "," $6,89,00,000.00 "," $2,83,00,000.00 "
18,The Dilemma,Ron Howard,Allan Loeb,"Brian Grazer, Ron Howard, Vince Vaughn","Vince Vaughn, Kevin James, Jennifer Connelly, Winona Ryder, Channing Tatum, Queen Latifah",Salvatore Totino,"Mike Hill, Daniel P. Hanley","Hans Zimmer, Lorne Balfe","Imagine Entertainment , Spyglass Entertainment , Wild West Picture Show Productions ",Universal Pictures ,118 minutes ," $7,00,00,000.00 "," $6,97,00,000.00 "," $-3,00,000.00 "
27,Larry Crowne,Tom Hanks,"Tom Hanks, Nia Vardalos","Gary Goetzman, Tom Hanks","Tom Hanks, Julia Roberts, Bryan Cranston, Cedric the Entertainer, Taraji P. Henson, Gugu Mbatha-Raw, Wilmer Valderrama, Pam Grier",Philippe Rousselot,Alan Cody,James Newton Howard,"Vend√¥me Pictures, Playtone","Universal Pictures  , Summit Entertainment   ",99 minutes," $3,00,00,000.00 "," $7,20,00,000.00 "," $4,20,00,000.00 "
72,The Best Man Holiday,Malcolm D. Lee,Malcolm D. Lee,Malcolm D. Lee Sean Daniel,"Morris Chestnut, Taye Diggs, Regina Hall, Terrence Howard, Sanaa Lathan, Nia Long, Melissa De Sousa, Harold Perrineau",Greg Gardiner,Paul Millspaugh,Stanley Clarke,"Blackmaled Productions, Sean Daniel Company",Universal Pictures,123 minutes ," $1,70,00,000.00 "," $7,28,00,000.00 "," $5,58,00,000.00 "
112,Crimson Peak,Guillermo del Toro,"Guillermo del Toro, Matthew Robbins","Guillermo del Toro, Callum Greene, Jon Jashni, Thomas Tull","Mia Wasikowska, Jessica Chastain, Tom Hiddleston, Charlie Hunnam, Jim Beaver",Dan Laustsen,Bernat Vilaplana,Fernando Velazquez,"Legendary Pictures, Double Dare You Productions",Universal Pictures,119 minutes ," $5,50,00,000.00 "," $7,47,00,000.00 "," $1,97,00,000.00 "
29,The Change-Up,David Dobkin,"Jon Lucas, Scott Moore","David Dobkin, Neal H. Moritz","Ryan Reynolds, Jason Bateman, Leslie Mann, Olivia Wilde, Alan Arkin",Eric Edwards,"Lee Haxall, Greg Hayden","John Debney, Theodore Shapiro","Original Film, Relativity Media, Big Kid Pictures",Universal Pictures,112 minutes ," $5,20,00,000.00 "," $7,55,00,000.00 "," $2,35,00,000.00 "
196,Cats,Tom Hooper,,"Debra Hayward, Tim Bevan, Eric Fellner, Tom Hooper","James Corden, Judi Dench, Jason Derulo, Idris Elba, Jennifer Hudson, Ian McKellen, Taylor Swift, Rebel Wilson, Francesca Hayward",Christopher Ross,Melanie Oliver,Andrew Lloyd Webber,"Working Title Films, Amblin Entertainment, Perfect World Pictures, Monumental Pictures, The Really Useful Group",Universal Pictures,110 minutes ," $10,00,00,000.00 "," $7,55,00,000.00 "," $-2,45,00,000.00 "
184,A Dog's Journey,Gail Mancuso,,Gavin Polone,"Marg Helgenberger, Betty Gilpin, Henry Lau, Kathryn Prescott, Dennis Quaid, Josh Gad",Rogier Stoffers,Robert Komatsu,Mark Isham,"Amblin Entertainment, Reliance Entertainment, Walden Media, Alibaba Pictures, Pariah Entertainment Group",Universal Pictures,109 minutes," $1,60,00,000.00 "," $7,58,00,000.00 "," $5,98,00,000.00 "
130,Kubo and the Two Strings,Travis Knight,,"Arianne Sutner, Travis Knight","Charlize Theron, Art Parkinson, Ralph Fiennes, Rooney Mara, George Takei, Matthew McConaughey",Frank Passingham,Christopher Murrie,Dario Marianelli,,"Focus Features   , Universal Pictures  ",102 minutes ," $6,00,00,000.00 "," $7,75,00,000.00 "," $1,75,00,000.00 "
63,R.I.P.D.,Robert Schwentke,,"Neal H. Moritz, Mike Richardson, Michael Fottrell","Jeff Bridges, Ryan Reynolds, Kevin Bacon, Mary-Louise Parker, Stephanie Szostak",Alwin H. Kachler,Mark Helfrich,Christophe Beck ,"Dark Horse Entertainment, Original Film",Universal Pictures,96 minutes ," $15,40,00,000.00 "," $7,83,00,000.00 "," $-7,57,00,000.00 "
121,The Boss,Ben Falcone,"Melissa McCarthy, Ben Falcone, Steve Mallory","Melissa McCarthy, Ben Falcone, Will Ferrell, Adam McKay, Chris Henchy","Melissa McCarthy, Kristen Bell, Kathy Bates, Tyler Labine, Peter Dinklage",Julio Macat,Craig Alpert,Christopher Lennertz,"Gary Sanchez Productions, On The Day Productions",Universal Pictures,99 minutes ," $2,90,00,000.00 "," $7,88,00,000.00 "," $4,98,00,000.00 "
153,Lady Bird,Greta Gerwig,Greta Gerwig,"Scott Rudin, Eli Bush, Evelyn ONeill","Saoirse Ronan, Laurie Metcalf, Tracy Letts, Lucas Hedges, Timoth√©e Chalamet, Beanie Feldstein, Stephen McKinley Henderson, Lois Smith",Sam Levy,Nick Houy,Jon Brion,"IAC Films, Scott Rudin Productions, Management ","A  , Universal Pictures Focus Features   ",94 minutes ," $1,00,00,000.00 "," $7,90,00,000.00 "," $6,90,00,000.00 "
81,A Million Ways to Die in the West,Seth MacFarlane,"Seth MacFarlane, Alec Sulkin, Wellesley Wild","Scott Stuber, Jason Clark, Seth MacFarlane","Seth MacFarlane, Charlize Theron, Amanda Seyfried, Giovanni Ribisi, Neil Patrick Harris, Sarah Silverman, Liam Neeson",Michael Barrett,Jeff Freeman,Joel McNeely,"MRC, Fuzzy Door Productions, Bluegrass Films",Universal Pictures,116 minutes ," $4,00,00,000.00 "," $8,02,00,000.00 "," $4,02,00,000.00 "
135,Ouija: Origin of Evil,Mike Flanagan,"Mike Flanagan, Jeff Howard","Michael Bay, Jason Blum, Stephen Davis, Andrew Form, Bradley Fuller, Brian Goldner","Elizabeth Reaser, Lulu Wilson, Annalise Basso, Henry Thomas",Michael Fimognari,Mike Flanagan,The Newton Brothers,"Allspark Pictures, Blumhouse Productions, Hasbro Studios, Platinum Dunes",Universal Pictures,99 minutes ," $1,20,00,000.00 "," $8,17,00,000.00 "," $6,97,00,000.00 "
46,Savages,Oliver Stone,,"Moritz Borman, Eric Copeloff","Taylor Kitsch, Blake Lively, Aaron Johnson, John Travolta, Benicio del Toro, Salma Hayek",Dan Mindel,"Joe Hutshing, Stuart Levy, Alex Marquez",Adam Peters,"Relativity Media, Ixtlan Productions",Universal Pictures,130 minutes ," $4,50,00,000.00 "," $8,30,00,000.00 "," $3,80,00,000.00 "
175,Mortal Engines,Christian Rivers,,"Zane Weiner, Amanda Walker, Deborah Forte, Fran Walsh, Peter Jackson","Hera Hilmar, Robert Sheehan, Hugo Weaving, Jihae, Ronan Raftery, Leila George, Patrick Malahide, Stephen Lang",Simon Raby,Jonno Woodford-Robinson,Tom Holkenborg ,"Universal Pictures  , MRC , Scholastic Entertainment , Silvertongue Films , Perfect World Pictures , WingNut Films  ",Universal Pictures,128 minutes ," $15,00,00,000.00 "," $8,37,00,000.00 "," $-6,63,00,000.00 "
85,Step Up: All In,Trish Sie,John Swetnam,"Adam Shankman, Jennifer Gibgot, Patrick Wachsberger, Erik Feig","Ryan Guzman, Briana Evigan, Stephen tWitch Boss, Misha Gabriel, Izabella Miko, Alyson Stoner, Adam Sevani",Brian Pearson,Niven Howie,Jeff Cardoni,"Summit Entertainment, Offspring Entertainment",Lionsgate ,112 minutes," $3,50,00,000.00 "," $8,61,00,000.00 "," $5,11,00,000.00 "
55,This Is 40,Judd Apatow,Judd Apatow,"Judd Apatow, Barry Mendel, Clayton Townsend","Paul Rudd, Leslie Mann, John Lithgow, Megan Fox, Albert Brooks",Phedon Papamichael,Brent White Jay Deuby David Bertman,Jon Brion,,Universal Pictures,133 minutes ," $3,50,00,000.00 "," $8,81,00,000.00 "," $5,31,00,000.00 "
70,About Time,Richard Curtis,Richard Curtis,"Tim Bevan, Eric Fellner, Nicky Kentish Barnes","Domhnall Gleeson, Rachel McAdams, Bill Nighy, Tom Hollander, Margot Robbie",John Guleserian,Mark Day,Nick Laird-Clowes,"Working Title Films, Relativity Media",Universal Pictures,123 minutes ," $1,20,00,000.00 "," $8,85,00,000.00 "," $7,65,00,000.00 "
120,My Big Fat Greek Wedding 2,Kirk Jones,Nia Vardalos,"Gary Goetzman, Tom Hanks, Rita Wilson","Nia Vardalos, John Corbett, Lainie Kazan, Gia Carides, Joey Fatone, Louis Mandylor, Andrea Martin, Michael Constantine",Jim Denault,Markus Czyzewski,Christopher Lennertz,"Gold Circle Entertainment, Home Box Office, Playtone",Universal Pictures,94 minutes ," $1,80,00,000.00 "," $9,06,00,000.00 "," $7,26,00,000.00 "
61,The Purge,James DeMonaco,James DeMonaco,"Jason Blum, Sabastien K. Lemercier, Michael Bay, Andrew Form, Brad Fuller","Ethan Hawke, Lena Headey, Adelaide Kane, Max Burkholder",Jacques Jouffret,Peter Gvozdas,Nathan Whitehead,"Blumhouse Productions , Platinum Dunes , Why Not Productions ",Universal Pictures ,85 minutes ," $30,00,000.00 "," $9,13,00,000.00 "," $8,83,00,000.00 "
13,Nanny McPhee and the Big Bang,Susanna White,Emma Thompson,Tim Bevan Eric Fellner Lindsay Doran,"Emma Thompson, Maggie Gyllenhaal, Rhys Ifans, Maggie Smith",Mike Eley,Sim Evan-Jones,James Newton Howard,"StudioCanal, Relativity Media, Working Title Films, Three Strange Angels","Universal Pictures   , StudioCanal   ",109 minutes ," $3,50,00,000.00 "," $9,32,00,000.00 "," $5,82,00,000.00 "
160,Blockers,Kay Cannon,"Brian Kehoe, Jim Kehoe","Evan Goldberg, Seth Rogen, James Weaver, Jon Hurwitz, Hayden Schlossberg, Chris Fenton","Leslie Mann, Ike Barinholtz, John Cena",Russ Alsobrook,Stacey Schroeder,Mateo Messina,"Universal Pictures , Good Universe , Point Grey Pictures , Hurwitz & Schlossberg Productions , DMG Entertainment ",Universal Pictures ,102 minutes," $2,10,00,000.00 "," $9,40,00,000.00 "," $7,30,00,000.00 "
2,Green Zone,Paul Greengrass,Brian Helgeland,"Tim Bevan, Eric Fellner, Lloyd Levin, Paul Greengrass","Matt Damon, Greg Kinnear, Brendan Gleeson, Amy Ryan, Khalid Abdalla, Jason Isaacs",Barry Ackroyd,Christopher Rouse,John Powell,,"Universal Pictures  , StudioCanal   ",115 minutes," $10,00,00,000.00 "," $9,49,00,000.00 "," $-51,00,000.00 "
161,Truth or Dare,Jeff Wadlow,,Jason Blum,"Lucy Hale, Tyler Posey, Violett Beane, Hayden Szeto, Landon Liboiron",Jacques Jouffret,Sean Albertson,Matthew Margeson,,Universal Pictures,100 minutes," $35,00,000.00 "," $9,53,00,000.00 "," $9,18,00,000.00 "
8,Get Him to the Greek,Nicholas Stoller,Nicholas Stoller,"Judd Apatow, Joshua Blake, David Bushell, Rodney Rothman, Nicholas Stoller","Jonah Hill, Russell Brand, Elisabeth Moss, Rose Byrne, Colm Meaney, Sean Combs",Robert Yeoman,"William Kerr, Michael Sale",Lyle Workman,"Apatow Productions, Relativity Media, Spyglass Entertainment",Universal Pictures,109 minutes ," $4,00,00,000.00 "," $9,55,00,000.00 "," $5,55,00,000.00 "
4,Kick-Ass,Matthew Vaughn,,"Matthew Vaughn, Brad Pitt, Kris Thykier, Adam Bohling, Tarquin Pack, David Reid","Aaron Johnson, Christopher Mintz-Plasse, Chloe Grace Moretz, Mark Strong, Nicolas Cage",Ben Davis,"Pietro Scalia, Jon Harris, Eddie Hamilton","John Murphy, Henry Jackman, Marius de Vries, Ilan Eshkeri","Marv Films , Plan B Entertainment ","Lionsgate   , Focus Features International ,Universal Pictures",118 minutes ," $3,00,00,000.00 "," $9,62,00,000.00 "," $6,62,00,000.00 "
34,Contraband,Baltasar Kormakur,Aaron Guzikowski,"Tim Bevan, Eric Fellner, Baltasar Kormakur, Stephen Levinson, Mark Wahlberg","Mark Wahlberg, Kate Beckinsale, Ben Foster, Giovanni Ribisi, Caleb Landry Jones, J. K. Simmons",Barry Ackroyd,Eli≠sabet ,Clinton Shorter,"Relativity Media, Working Title Films, Blueeyes Productions, Leverage Entertainment, Closest to the Hole Productions",Universal Pictures,109 minutes," $2,50,00,000.00 "," $9,63,00,000.00 "," $7,13,00,000.00 "
183,The Hustle,Chris Addison,,"Roger Birnbaum, Rebel Wilson","Anne Hathaway, Rebel Wilson, Alex Sharp, Dean Norris, Timothy Simons, Ingrid Oliver",Michael Coulter,Anthony Boys,Anne Dudley,"Metro-Goldwyn-Mayer, Pin High Productions, Cave  Productions, Camp Sugar Productions","United Artists Releasing  , Universal Pictures  ",94 minutes," $2,10,00,000.00 "," $9,74,00,000.00 "," $7,64,00,000.00 "
22,Paul,Greg Mottola,"Simon Pegg, Nick Frost","Nira Park, Tim Bevan, Eric Fellner","Simon Pegg, Nick Frost, Jason Bateman, Kristen Wiig, Bill Hader, Blythe Danner, John Carroll Lynch, Sigourney Weaver, Seth Rogen",Lawrence Sher,Chris Dickens,David Arnold,"Relativity Media, Working Title Films, Big Talk Pictures, StudioCanal",Universal Pictures,104 minutes," $4,00,00,000.00 "," $9,80,00,000.00 "," $5,80,00,000.00 "
68,Rush,Ron Howard,Peter Morgan,"Andrew Eaton, Eric Fellner, Brian Oliver, Peter Morgan, Brian Grazer, Ron Howard","Chris Hemsworth, Daniel Bruhl, Olivia Wilde, Alexandra Maria Lara, Pierfrancesco Favino",Anthony Dod Mantle,"Daniel Hanley, Mike Hill",Hans Zimmer,"Cross Creek Pictures, Exclusive Media, Working Title Films, Imagine Entertainment, Revolution Films, Egoli Tossell Film ","Universal Pictures  , StudioCanal  , Universum Film   ",123 minutes ," $3,80,00,000.00 "," $9,82,00,000.00 "," $6,02,00,000.00 "
67,Riddick,David Twohy,David Twohy,"Vin Diesel, Ted Field","Vin Diesel, Jordi Molla†, Matt Nable, Katee Sackhoff, Dave Bautista, Bokeem Woodbine, Raoul Trujillo, Karl Urban",David Eggby,Tracy Adams,Graeme Revell,"One Race Films, Radar Pictures, Riddick Canada Productions","Universal Pictures  , Entertainment One  ",119 minutes ," $3,80,00,000.00 "," $9,83,00,000.00 "," $6,03,00,000.00 "
108,The Visit,M. Night Shyamalan,M. Night Shyamalan,"M. Night Shyamalan, Jason Blum, Marc Bienstock","Olivia DeJonge, Ed Oxenbould, Deanna Dunagan, Peter McRobbie, Kathryn Hahn",Maryse Alberti,Luke Ciarrocchi,,"Blinding Edge Pictures, Blumhouse Productions",Universal Pictures,94 minutes ," $50,00,000.00 "," $9,85,00,000.00 "," $9,35,00,000.00 "
169,Night School,Malcolm D. Lee ,"Kevin Hart, Harry Ratchford, Joey Wells, Matt Kellard, Nicholas Stoller , John Hamburg","Kevin Hart, Will Packer ","Kevin Hart, Tiffany Haddish, Rob Riggle, Romany Malco",Greg Gardiner,Paul Millspaugh,David Newman,"HartBeat Productions, Will Packer Productions",Universal Pictures,111 minutes ," $2,90,00,000.00 "," $10,31,00,000.00 "," $7,41,00,000.00 "
90,Ouija,Stiles White,,"Michael Bay, Andrew Form, Bradley Fuller, Jason Blum, Bennett Schneir","Olivia Cooke, Daren Kagasoff, Douglas Smith, Bianca Santos",David Emmerichs,Ken Blackwell,Anton Sanko,"Platinum Dunes, Blumhouse Productions, Hasbro Studios",Universal Pictures,89 minutes ," $80,00,000.00 "," $10,36,00,000.00 "," $9,56,00,000.00 "
117,Sisters,Jason Moore,Paula Pell,"Tina Fey, Jay Roach, John Lyons","Tina Fey, Amy Poehler, Maya Rudolph, Ike Barinholtz, James Brolin, John Cena, John Leguizamo, Dianne Wiest",Barry Peterson,Lee Haxall,Christophe Beck ,"Little Stranger, Everyman Pictures",Universal Pictures,118 minutes ," $3,30,00,000.00 "," $10,50,00,000.00 "," $7,20,00,000.00 "
170,First Man,Damien Chazelle,,"Wyck Godfrey, Marty Bowen, Isaac Klausner, Damien Chazelle","Ryan Gosling, Claire Foy, Jason Clarke, Kyle Chandler, Corey Stoll, Christopher Abbott, Ciaran Hinds",Linus Sandgren,Tom Cross,Justin Hurwitz,"DreamWorks Pictures, Perfect World Pictures, Temple Hill Entertainment",Universal Pictures,141 minutes ," $7,00,00,000.00 "," $10,57,00,000.00 "," $3,57,00,000.00 "
49,ParaNorman,"Sam Fell, Chris Butler",Chris Butler,"Arianne Sutner, Travis Knight","Kodi Smit-McPhee, Tucker Albrizzi, Anna Kendrick, Casey Affleck, Christopher Mintz-Plasse, Leslie Mann, Jeff Garlin, Elaine Stritch, Bernard Hill, Jodelle Ferland, Tempestt Bledsoe, Alex Borstein, John Goodman",Tristan Oliver,Christopher Murrie,Jon Brion ,,"Focus Features   , Universal Pictures  ",92 minutes ," $6,00,00,000.00 "," $10,71,00,000.00 "," $4,71,00,000.00 "
123,Neighbors 2: Sorority Rising,Nicholas Stoller,"Andrew J. Cohen, Brendan OBrien, Nicholas Stoller, Evan Goldberg, Seth Rogen","Seth Rogen, Evan Goldberg, James Weaver","Seth Rogen, Zac Efron, Rose Byrne, Chloe Grace Moretz, Dave Franco, Ike Barinholtz",Brandon Trost,Zene Baker,Michael Andrews,"Good Universe, Perfect World Pictures, Point Grey Pictures",Universal Pictures,92 minutes ," $3,50,00,000.00 "," $10,80,00,000.00 "," $7,30,00,000.00 "
88,The Boxtrolls,"Graham Annable, Anthony Stacchi",,"David Bleiman Ichioka, Travis Knight","Ben Kingsley, Isaac Hempstead Wright, Elle Fanning, Dee Bradley Baker, Steve Blum, Toni Collette, Jared Harris, Nick Frost, Richard Ayoade, Tracy Morgan, Simon Pegg",John Ashlee Prat,Edie Ichioka,Dario Marianelli ,,"Focus Features   , Universal Pictures  ",97 minutes ," $6,00,00,000.00 "," $10,83,00,000.00 "," $4,83,00,000.00 "
19,Sanctum,Alister Grierson,"John Garvin, Andrew Wight",Andrew Wight,"Richard Roxburgh, Rhys Wakefield, Alice Parkinson, Dan Wyllie, Ioan Gruffudd",Jules OLoughlin,Mark Warner,David Hirschfelder,"Relativity Media, Wayfare Entertainment, FilmNation Entertainment",Universal Pictures,109 minutes," $3,00,00,000.00 "," $10,86,00,000.00 "," $7,86,00,000.00 "
189,Good Boys,Gene Stupnitsky,"Lee Eisenberg, Gene Stupnitsky","Lee Eisenberg, Evan Goldberg, Seth Rogen, James Weaver","Jacob Tremblay, Keith L. Williams, Brady Noon, Molly Gordon, Lil Rel Howery, Midori Francis",Jonathan Furmanski,Daniel Gabbe,Lyle Workman,"Good Universe, Point Grey Pictures, Quantity Entertainment",Universal Pictures,90 minutes ," $2,00,00,000.00 "," $11,12,00,000.00 "," $9,12,00,000.00 "
82,The Purge: Anarchy,James DeMonaco,James DeMonaco,"Jason Blum, Michael Bay, Andrew Form, Brad Fuller, Sabastien K. Lemercier","Frank Grillo, Carmen Ejogo, Zach Gilford, Kiele Sanchez, Michael K. Williams",Jacques Jouffret,"Todd E. Miller, Vince Filippone",Nathan Whitehead,"Platinum Dunes, Blumhouse Productions, Why Not Productions",Universal Pictures,104 minutes ," $1,10,00,000.00 "," $11,19,00,000.00 "," $10,09,00,000.00 "
97,Seventh Son,Sergei Bodrov,,"Basil Iwanyk, Thomas Tull, Lionel Wigram","Jeff Bridges, Ben Barnes, Alicia Vikander, Kit Harington, Olivia Williams, Antje Traue, Djimon Hounsou, Julianne Moore",Newton Thomas Sigel,"Paul Rubell, Jim Page, Michael Kahn",Marco Beltrami ,"Legendary Pictures , Moving Picture Company , Outlaw Sinema , Pendle Mountain Productions , Thunder Road Pictures , China Film Group ",Universal Pictures,102 minutes ," $11,00,00,000.00 "," $11,42,00,000.00 "," $42,00,000.00 "
51,Pitch Perfect,Jason Moore,,"Paul Brooks, Max Handelman, Elizabeth Banks","Anna Kendrick, Skylar Astin, Rebel Wilson, Adam DeVine, Anna Camp, Brittany Snow, John Michael Higgins, Elizabeth Banks",Julio Macat,Lisa Zeno Churgin,"Christophe Beck, Mark Kilian","Gold Circle Films, Brownstone Productions",Universal Pictures,112 minutes ," $1,70,00,000.00 "," $11,54,00,000.00 "," $9,84,00,000.00 "
127,The Purge: Election Year,James DeMonaco,James DeMonaco,"Jason Blum, Michael Bay, Andrew Form, Brad Fuller, Sabastien K. Lemercier","Frank Grillo, Elizabeth Mitchell, Mykelti Williamson",Jacques Jouffret,Todd E. Miller,Nathan Whitehead,"Platinum Dunes, Blumhouse Productions, Man in a Tree Productions",Universal Pictures,108 minutes ," $1,00,00,000.00 "," $11,86,00,000.00 "," $10,86,00,000.00 "
192,Last Christmas,Paul Feig,,"David Livingstone, Emma Thompson, Paul Feig, Jessie Henderson","Emilia Clarke, Henry Golding, Michelle Yeoh, Emma Thompson",John Schwartzman,Brent White,Theodore Shapiro,"Feigco Entertainment, Perfect World Pictures, Calamity Films",Universal Pictures,103 minutes ," $3,00,00,000.00 "," $12,34,00,000.00 "," $9,34,00,000.00 "
92,The Theory of Everything,James Marsh,,"Tim Bevan, Eric Fellner, Lisa Bruce, Anthony McCarten","Eddie Redmayne, Felicity Jones, Charlie Cox, Emily Watson, Simon McBurney, David Thewlis",Benoet Delhomme,Jinx Godfrey,Johann Jahannsson,,"Focus Features   ,Toho-Towa    , Universal Pictures  ",123 minutes  ," $1,50,00,000.00 "," $12,37,00,000.00 "," $10,87,00,000.00 "
118,Ride Along 2,Tim Story,"Phil Hay, Matt Manfredi","Will Packer, Ice Cube, Matt Alvarez, Larry Brezner","Ice Cube, Kevin Hart, Ken Jeong, Benjamin Bratt, Olivia Munn, Bruce McGill, Tika Sumpter",Mitchell Amundsen,Peter S. Elliot,Christopher Lennertz,"Will Packer Productions, Cube Vision",Universal Pictures,101 minutes ," $4,00,00,000.00 "," $12,46,00,000.00 "," $8,46,00,000.00 "
150,Happy Death Day,Christopher Landon,Scott Lobdell,Jason Blum,"Jessica Rothe, Israel Broussard",Toby Oliver,Gregory Plotkin,Bear McCreary,,Universal Pictures,96 minutes," $48,00,000.00 "," $12,55,00,000.00 "," $12,07,00,000.00 "
20,The Adjustment Bureau,George Nolfi,,"Michael Hackett, George Nolfi, Bill Carraro, Chris Moore","Matt Damon, Emily Blunt, Anthony Mackie, John Slattery, Michael Kelly, Terence Stamp",John Toll,Jay Rabinowitz,Thomas Newman,"Media Rights Capital, Gambit Pictures, Electric Shepherd Productions",Universal Pictures,106 minutes," $6,20,00,000.00 "," $12,78,00,000.00 "," $6,58,00,000.00 "
168,The House with a Clock in Its Walls,Eli Roth,,"Bradley J. Fischer, James Vanderbilt, Eric Kripke","Jack Black, Cate Blanchett, Owen Vaccaro, Renae Elise Goldsberry, Sunny Suljic, Kyle MacLachlan",Rogier Stoffers,Fred Raskin,Nathan Barr,"Amblin Entertainment, Reliance Entertainment, Mythology Entertainment",Universal Pictures,105 minutes ," $4,20,00,000.00 "," $13,15,00,000.00 "," $8,95,00,000.00 "
64,2 Guns,Baltasar Kormakur,,"Marc Platt , Randall Emmett , Norton Herrick , Adam Siegel , George Furla , Ross Richie , Andrew Cosby ","Denzel Washington, Mark Wahlberg, Paula Patton, Bill Paxton, Fred Ward, James Marsden, Edward James Olmos",Oliver Wood,Michael Tronick,Clinton Shorter,"Marc Platt Productions , Oasis Ventures Entertainment , Envision Entertainment , Herrick Entertainment , Boom! Studios ",Universal Pictures ,109 minutes ," $6,10,00,000.00 "," $13,19,00,000.00 "," $7,09,00,000.00 "
54,Zero Dark Thirty,Kathryn Bigelow,Mark Boal,"Kathryn Bigelow, Mark Boal, Megan Ellison","Jessica Chastain, Jason Clarke, Joel Edgerton",Greig Fraser,"Dylan Tichenor, William Goldenberg",Alexandre Desplat,"Columbia Pictures, First Light Productions, Annapurna Pictures","Sony Pictures Releasing  , Panorama Media   ",157 minutes ," $5,25,00,000.00 "," $13,28,00,000.00 "," $8,03,00,000.00 "
148,American Made,Doug Liman,Gary Spinelli,"Brian Grazer, Brian Oliver, Doug Davison, Kim Roth, Ray Angelic, Tyler Thompson","Tom Cruise, Domhnall Gleeson, Sarah Wright Olsen, Jesse Plemons, Caleb Landry Jones",Casar Charlone,Andrew Mondshein,Christophe Beck,"Cross Creek Pictures, Imagine Entertainment, Quadrant Pictures, Vendian Entertainment, Hercules Film Fund",Universal Pictures,115 minutes ," $5,00,00,000.00 "," $13,49,00,000.00 "," $8,49,00,000.00 "
165,The First Purge,Gerard McMurray,James DeMonaco,"Jason Blum, Michael Bay, Andrew Form, Brad Fuller, Sabastien K. Lemercier","Ylan Noel, Lex Scott Davis, Joivan Wade, Steve Harris",Anastas Michos,Jim Page,Kevin Lax,"Perfect World Pictures, Platinum Dunes, Blumhouse Productions, Man in a Tree Productions",Universal Pictures,97 minutes ," $1,30,00,000.00 "," $13,71,00,000.00 "," $12,41,00,000.00 "
47,Step Up Revolution,Scott Speer,Amanda Brody,"Adam Shankman, Jennifer Gibgot, Patrick Wachsberger, Erik Feig","Ryan Guzman, Kathryn McCormick, Misha Gabriel, Cleopatra Coleman, Stephen tWitch Boss, Tommy Dewey, Peter Gallagher",Crash,"Matthew Friedman, Avi Youabian",Aaron Zigman,,"Summit Entertainment , Lionsgate ",99 minutes ," $3,30,00,000.00 "," $14,04,00,000.00 "," $10,74,00,000.00 "
106,Trainwreck,Judd Apatow,Amy Schumer,"Judd Apatow, Barry Mendel","Amy Schumer, Bill Hader, Brie Larson, Colin Quinn, John Cena, Tilda Swinton, LeBron James",Jody Lee Lipes,"William Kerr, Paul Zucker",Jon Brion,,Universal Pictures,125 minutes ," $3,50,00,000.00 "," $14,08,00,000.00 "," $10,58,00,000.00 "
147,Girls Trip,Malcolm D. Lee,,"Will Packer, Malcolm D. Lee","Regina Hall, Tiffany Haddish, Jada Pinkett Smith, Queen Latifah, Larenz Tate, Mike Colter, Kate Walsh",Greg Gardiner,Paul Millspaugh,David Newman,"Will Packer Productions, Perfect World Pictures",Universal Pictures,122 minutes ," $1,90,00,000.00 "," $14,09,00,000.00 "," $12,19,00,000.00 "
1,The Wolfman,Joe Johnston,,"Scott Stuber, Benicio del Toro, Rick Yorn, Sean Daniel","Benicio del Toro, Anthony Hopkins, Emily Blunt, Hugo Weaving",Shelly Johnson,"Dennis Virkler, Walter Murch",Danny Elfman,"Universal Pictures, Relativity Media, Stuber Pictures",Universal Pictures,103 minutes ," $15,00,00,000.00 "," $14,26,00,000.00 "," $-74,00,000.00 "
57,Mama,Andy Muschietti,,"J. Miles Dale, Barbara Muschietti","Jessica Chastain, Nikolaj Coster-Waldau, Megan Charpentier, Isabelle Nelisse",Antonio Riestra,Michelle Conroi,Fernando Velazquez,"Toma , De Milo Productions",Universal Pictures,100 minutes ," $1,50,00,000.00 "," $14,81,00,000.00 "," $13,31,00,000.00 "
74,47 Ronin,Carl Rinsch,,Pamela Abdy Eric McLeod,Keanu Reeves Hiroyuki Sanada Tadanobu Asano Rinko Kikuchi Ko Shibasaki,John Mathieson,Stuart Baird,Ilan Eshkeri,HF Entertainment Mid Atlantic Films Moving Picture Company DMG Entertainment Warrior Productions Stuber Productions Relativity Media,Universal Pictures,118 minutes," $22,50,00,000.00 "," $15,18,00,000.00 "," $-7,32,00,000.00 "
33,Tower Heist,Brett Ratner,,"Brian Grazer, Eddie Murphy, Kim Roth","Ben Stiller, Eddie Murphy, Casey Affleck, Alan Alda, Matthew Broderick, Judd Hirsch, Tea Leoni, Michael Pena, Gabourey Sidibe",Dante Spinotti,Mark Helfrich,Christophe Beck,"Imagine Entertainment, Relativity Media, Rat Entertainment",Universal Pictures ,104 minutes ," $8,50,00,000.00 "," $15,29,00,000.00 "," $6,79,00,000.00 "
77,Ride Along,Tim Story,,"Will Packer, Matt Alvarez, Ice Cube, Larry Brezner","Ice Cube, Kevin Hart, John Leguizamo, Bruce McGill, Tika Sumpter, Laurence Fishburne",Larry Blanford,Craig Alpert,Christopher Lennertz,"Universal Pictures, Relativity Media, Cube Vision, Rainforest Films",Universal Pictures,100 minutes ," $2,50,00,000.00 "," $15,45,00,000.00 "," $12,95,00,000.00 "
187,Yesterday,Danny Boyle,,"Tim Bevan, Eric Fellner, Bernie Bellew, Matthew James Wilkinson, Richard Curtis, Danny Boyle","Himesh Patel, Lily James, Ed Sheeran, Kate McKinnon",Christopher Ross,Jon Harris,Daniel Pemberton,"Perfect World Pictures, Working Title Films, Decibel Films, Dentsu Inc. ",Universal Pictures,116 minutes," $4,13,00,000.00 "," $15,46,00,000.00 "," $11,33,00,000.00 "
75,Lone Survivor,Peter Berg,Peter Berg,"Peter Berg, Sarah Aubrey, Randall Emmett, Norton Herrick, Barry Spikings, Akiva Goldsman, Mark Wahlberg, Stephen Levinson, Vitaly Grigoriants","Mark Wahlberg, Taylor Kitsch, Emile Hirsch, Ben Foster, Eric Bana",Tobias Schliessler,Colby Parker Jr.,"Explosions in the Sky, Steve Jablonsky","Emmett Furla Films, Film , Foresight Unlimited, Herrick Entertainment, Spikings Entertainment, Envision Entertainment, Closest to the Hole Productions, Leverage Management","Universal Pictures  , Foresight Unlimited  ",121 minutes ," $4,00,00,000.00 "," $15,48,00,000.00 "," $11,48,00,000.00 "
172,Johnny English Strikes Again,David Kerr,,"Chris Clark, Tim Bevan, Eric Fellner, Rowan Atkinson a","Rowan Atkinson, Ben Miller, Olga Kurylenko, Jake Lacy, Emma Thompson",Florian Hoffmeister,Mark Everson,Howard Goodall,"StudioCanal, Working Title Films, Perfect World Pictures","Universal Pictures   , Focus Features  ",89 minutes ," $2,50,00,000.00 "," $15,90,00,000.00 "," $13,40,00,000.00 "
11,Step Up 3D,Jon M. Chu,"Amy Andelson, Emily Meyer","Patrick Wachsberger, Erik Feig, Adam Shankman, Jennifer Gibgot","Rick Malambri, Adam G. Sevani, Sharni Vinson, Alyson Stoner",Ken Seng,Andrew Marcus,Bear McCreary ,"Touchstone Pictures , Summit Entertainment , Offspring Entertainment ",Walt Disney Studios Motion Pictures ,107 minutes," $3,00,00,000.00 "," $15,92,00,000.00 "," $12,92,00,000.00 "
32,Johnny English Reborn,Oliver Parker,,"Tim Bevan, Eric Fellner, Chris Clark","Rowan Atkinson, Gillian Anderson, Dominic West, Rosamund Pike, Daniel Kaluuya, Richard Schiff",Danny Cohen,Guy Bensley,Ilan Eshkeri,"StudioCanal, Relativity Media, Working Title Films",Universal Pictures,102 minutes ," $4,50,00,000.00 "," $16,01,00,000.00 "," $11,51,00,000.00 "
93,Unbroken,Angelina Jolie,"Coen brothers, Richard LaGravenese, William Nicholson","Angelina Jolie, Matthew Baer, Erwin Stoff, Clayton Townsend","Jack OConnell, Domhnall Gleeson, Miyavi, Garrett Hedlund, Finn Wittrock",Roger Deakins,"Tim Squyres, William Goldenberg",Alexandre Desplat,"Legendary Pictures, Jolie Pas,  Arts Entertainment",Universal Pictures,138 minutes ," $6,50,00,000.00 "," $16,34,00,000.00 "," $9,84,00,000.00 "
122,The Huntsman: Winter's War,Cedric Nicolas-Troyan,"Evan Spiliotopoulos, Craig Mazin",Joe Roth,"Chris Hemsworth, Charlize Theron, Emily Blunt, Nick Frost, Sam Claflin, Rob Brydon, Jessica Chastain",Phedon Papamichael,Conrad Buff,James Newton Howard,"Roth Films, Perfect World Pictures",Universal Pictures,120 minutes  ," $11,50,00,000.00 "," $16,50,00,000.00 "," $5,00,00,000.00 "
156,Insidious: The Last Key,Adam Robitel,Leigh Whannell,"Jason Blum, Oren Peli, James Wan, Leigh Whannell","Lin Shaye, Angus Sampson, Leigh Whannell, Spencer Locke, Caitlin Gerard, Bruce Davison",Toby Oliver,Timothy Alverson,Joseph Bishara,"Blumhouse Productions, Stage  Films","Universal Pictures  , Sony Pictures Releasing International   ",103 minutes," $1,00,00,000.00 "," $16,79,00,000.00 "," $15,79,00,000.00 "
91,Dumb and Dumber To,"Peter Farrelly, Bobby Farrelly","Peter Farrelly, Bobby Farrelly, Sean Anders, John Morris, Bennett Yellin, Mike Cerrone","Charles B. Wessler, Bradley Thomas, Peter Farrelly, Bobby Farrelly, Riza Aziz, Joey McFarland","Jim Carrey, Jeff Daniels",Matthew F. Leonetti,Steven Rasch,Empire of the Sun,"Red Granite Pictures, New Line Cinema, Conundrum Entertainment","Universal Pictures   , Red Granite Pictures   ",109 minutes ," $5,00,00,000.00 "," $16,98,00,000.00 "," $11,98,00,000.00 "
132,The Girl on the Train,Tate Taylor,,"Marc Platt, Jared LeBoff","Emily Blunt, Rebecca Ferguson, Haley Bennett, Justin Theroux, Luke Evans, Allison Janney, Edgar Ramarez, Lisa Kudrow",Charlotte Bruus Christensen,"Michael McCusker, Andrew Buckland",Danny Elfman,"DreamWorks Pictures, Reliance Entertainment, Marc Platt Productions","Universal Pictures   , Mister Smith Entertainment   ",112 minutes ," $5,00,00,000.00 "," $17,32,00,000.00 "," $12,32,00,000.00 "
28,Cowboys & Aliens,Jon Favreau,,"Brian Grazer, Ron Howard, Alex Kurtzman, Roberto Orci, Scott Mitchell Rosenberg","Daniel Craig, Harrison Ford, Olivia Wilde, Sam Rockwell, Adam Beach, Paul Dano, Noah Ringer",Matthew Libatique,Dan Lebental,Harry Gregson-Williams,"Universal Pictures, DreamWorks Pictures, Reliance Entertainment, Relativity Media, Imagine Entertainment, K O Paper Products, Fairview Entertainment, Platinum Studios","Universal Pictures  , Paramount Pictures  ",118 minutes," $16,30,00,000.00 "," $17,48,00,000.00 "," $1,18,00,000.00 "
58,Identity Thief,Seth Gordon,,"Scott Stuber, Pamela Abdy, Jason Bateman","Jason Bateman, Melissa McCarthy, Jon Favreau, Amanda Peet, Tip T.I. Harris, Genesis Rodriguez, Morris Chestnut, John Cho, Robert Patrick, Eric Stonestreet",Javier Aguirresarobe,Peter Teschner,Christopher Lennertz,"Relativity Media, Scott Stuber Productions, Aggregate Films, Bluegrass Films",Universal Pictures,111 minutes ," $3,50,00,000.00 "," $17,54,00,000.00 "," $14,04,00,000.00 "
155,The Post,Steven Spielberg,"Josh Singer, Liz Hannah","Steven Spielberg, Kristie Macosko Krieger, Amy Pascal","Meryl Streep, Tom Hanks, Sarah Paulson, Bob Odenkirk, Tracy Letts, Bradley Whitford, Bruce Greenwood, Matthew Rhys",Janusz Kami≈Ñski,"Michael Kahn, Sarah Broshar",John Williams,"th Century Fox , DreamWorks Pictures , Participant Media , Amblin Partners , Amblin Entertainment , Pascal Pictures , Star Thrower Entertainment ","0th Century Fox   , Mister Smith Entertainment   ",116 minutes ," $5,00,00,000.00 "," $17,98,00,000.00 "," $12,98,00,000.00 "
23,Hop,Tim Hill,,"Chris Meledandri, Michele Imperato Stabile","James Marsden, Russell Brand, Kaley Cuoco, Hank Azaria, Gary Cole, Elizabeth Perkins, David Hasselhoff, Chelsea Handler, Hugh Laurie",Peter Lyons Collister,"Peter S. Elliot, Gregory Perler",Christopher Lennertz,"Relativity Media , Illumination Entertainment ",Universal Pictures ,95 minutes ," $6,30,00,000.00 "," $18,40,00,000.00 "," $12,10,00,000.00 "
154,Pitch Perfect 3,Trish Sie,,"Elizabeth Banks, Paul Brooks, Max Handelman","Anna Kendrick, Rebel Wilson, Hailee Steinfeld, Brittany Snow, Anna Camp, Hana Mae Lee, Alexis Knapp, John Michael Higgins, Elizabeth Banks",Matthew Clark,"Craig Alpert, Colin Patton",Christopher Lennertz,"Universal Pictures , Gold Circle Entertainment , Perfect World Pictures , Brownstone Productions ",Universal Pictures ,93 minutes ," $4,50,00,000.00 "," $18,54,00,000.00 "," $14,04,00,000.00 "
190,Abominable,Jill Culton,Jill Culton ,Suzanne Buirgy Peilin Chou,"Chloe Bennet, Albert Tsai, Tenzing Norgay Trainor, Eddie Izzard, Sarah Paulson, Tsai Chin",,Pamela Ziegenhagen-Shefland,Rupert Gregson-Williams,"DreamWorks Animation , Pearl Studio , Zhong Ming You Ying Film","Universal Pictures   , Pearl Studio    ",97 minutes ," $7,50,00,000.00 "," $18,87,00,000.00 "," $11,37,00,000.00 "
107,Straight Outta Compton,F. Gary Gray,,"Ice Cube, Tomica Woods-Wright, Dr. Dre, Matt Alvarez, F. Gary Gray, Scott Bernstein","OShea Jackson Jr., Corey Hawkins, Jason Mitchell, Paul Giamatti",Matthew Libatique,"Billy Fox, Michael Tronick",Joseph Trapanese,"Legendary Pictures, New Line Cinema a, Cube Vision, Crucial Films, Broken Chair Flickz",Universal Pictures,147 minutes ," $5,00,00,000.00 "," $20,16,00,000.00 "," $15,16,00,000.00 "
178,Saving Leningrad,Aleksey Kozlov,Aleksey Kozlov,"Aleksey Kozlov, Arkady Fateev, Anton Dementiev, Elena Gromova","Maria Melnikova, Andrey Mironov-Udalov, Gela Meskhi, Anastasiya Melnikova, Valeriy Degtyar, Vitali Kishchenko, Aleksey Shevchenkov, Boris Shcherbakov","Aleksey Doronkin, Gleb Vavilov","Anton Dementiev, Aleksey Maklakov",Yuri Poteyenko,Studio AVK Algous studio,Universal Pictures Russia All Media Company NTV,96 minutes," $23,70,00,000.00 "," $20,20,00,000.00 "," $-3,50,00,000.00 "
109,Everest,Baltasar Kormakur,"William Nicholson, Simon Beaufoy","Tim Bevan, Eric Fellner, Baltasar Kormakur, Nicky Kentish Barnes, Tyler Thompson, Brian Oliver","Jason Clarke, Josh Brolin, John Hawkes, Robin Wright, Michael Kelly, Sam Worthington, Keira Knightley, Emily Watson, Jake Gyllenhaal",Salvatore Totino,Mick Audsley,Dario Marianelli,"Cross Creek Pictures, Walden Media, RVK Studios, Working Title Films",Universal Pictures,121 minutes ," $5,50,00,000.00 "," $20,34,00,000.00 "," $14,84,00,000.00 "
191,The Addams Family,"Conrad Vernon, Greg Tiernan",,"Gail Berman, Conrad Vernon, Alex Schwartz, Alison OBrien","Oscar Isaac, Charlize Theron, Chloe Grace Moretz, Finn Wolfhard, Nick Kroll, Snoop Dogg, Bette Midler, Allison Janney",,David Ian Salter,"Mychael Danna , Jeff Danna ","Bron Creative, Metro-Goldwyn-Mayer, The Jackal Group, Cinesite Studios, Cinesite Vancouver","United Artists Releasing   , Universal Pictures  ",86 minutes ," $2,40,00,000.00 "," $20,37,00,000.00 "," $17,97,00,000.00 "
141,A Dog's Purpose,Lasse Hallstr√∂m,,Gavin Polone,"Britt Robertson, KJ Apa, John Ortiz, Dennis Quaid, Josh Gad",Terry Stacey,Robert Leighton,Rachel Portman ,"Amblin Entertainment , Reliance Entertainment , Walden Media , Pariah Entertainment Group ","Universal Pictures    , Mister Smith Entertainment   ",100 minutes ," $2,20,00,000.00 "," $20,50,00,000.00 "," $18,30,00,000.00 "
36,Safe House,Daniel Espinosa,David Guggenheim,Scott Stuber,"Denzel Washington, Ryan Reynolds, Vera Farmiga, Brendan Gleeson, Sam Shepard, Ruben Blades, Nora Arnezeder, Robert Patrick",Oliver Wood,Richard Pearson,Ramin Djawadi,"Relativity Media, Stuber Productions",Universal Pictures,115 minutes," $8,50,00,000.00 "," $20,81,00,000.00 "," $12,31,00,000.00 "
131,Bridget Jones's Baby,Sharon Maguire,,"Tim Bevan, Eric Fellner, Debra Hayward","Renae Zellweger, Colin Firth, Patrick Dempsey, Jim Broadbent, Gemma Jones, Emma Thompson",Andrew Dunn,Melanie Oliver,Craig Armstrong,"StudioCanal, Miramax, Perfect World Pictures, Working Title Films","Universal Pictures   , StudioCanal   ",123 minutes ," $3,50,00,000.00 "," $21,20,00,000.00 "," $17,70,00,000.00 "
104,Ted 2,Seth MacFarlane,"Seth MacFarlane, Alec Sulkin, Wellesley Wild","Scott Stuber, Seth MacFarlane, Jason Clark, John Jacobs","Mark Wahlberg, Seth MacFarlane, Amanda Seyfried, Giovanni Ribisi, John Slattery, Jessica Barth, Morgan Freeman",Michael Barrett,Jeff Freeman,Walter Murphy,"MRC, Fuzzy Door Productions, Bluegrass Films",Universal Pictures,115 minutes ," $6,80,00,000.00 "," $21,59,00,000.00 "," $14,79,00,000.00 "
126,Central Intelligence,Rawson Marshall Thurber,,"Scott Stuber, Peter Principato, Paul Young, Michael Fottrell","Dwayne Johnson, Kevin Hart, Amy Ryan, Aaron Paul",Barry Peterson,"Mike Sale, Brian Olds",Theodore Shapiro,"New Line Cinema, Universal Pictures, RatPac-Dune Entertainment, Perfect World Pictures, Bluegrass Films, Principato-Young Entertainment","Warner Bros. Pictures  , Universal Pictures  ",108 minutes ," $5,00,00,000.00 "," $21,70,00,000.00 "," $16,70,00,000.00 "
89,Dracula Untold,Gary Shore,,Michael De Luca,"Luke Evans, Dominic Cooper, Sarah Gadon, Charles Dance",John Schwartzman,Richard Pearson,Ramin Djawadi,"Legendary Pictures, Michael De Luca Productions",Universal Pictures,92 minutes ," $10,00,00,000.00 "," $21,71,00,000.00 "," $11,71,00,000.00 "
79,Non-Stop,Jaume Collet-Serra,,"Joel Silver, Alex Heineman, Andrew Rona","Liam Neeson, Julianne Moore, Scoot McNairy, Michelle Dockery, Nate Parker, Jason Butler Harner, Anson Mount",Flavio Labiano,Jim May,John Ottman,"TF Films Production, Silver Pictures, Anton Capital Entertainment SCA, Canal+, TF, LoveFilm","Universal Pictures  , StudioCanal  ",106 minutes ," $5,00,00,000.00 "," $22,28,00,000.00 "," $17,28,00,000.00 "
39,American Reunion,"Jon Hurwitz, Hayden Schlossberg","Jon Hurwitz, Hayden Schlossberg","Chris Moore, Craig Perry, Adam Herz, Warren Zide","Jason Biggs, Alyson Hannigan, Chris Klein, Thomas Ian Nicholas, Tara Reid, Seann William Scott, Mena Suvari, Eddie Kaye Thomas, Jennifer Coolidge, Eugene Levy",Daryn Okada ,Jeff Betancourt ,Lyle Workman,"Relativity Media, Zide Perry Productions",Universal Pictures,113 minutes ," $5,00,00,000.00 "," $23,50,00,000.00 "," $18,50,00,000.00 "
177,Glass,M. Night Shyamalan,M. Night Shyamalan,"M. Night Shyamalan, Jason Blum, Marc Bienstock, Ashwin Rajan","James McAvoy, Bruce Willis, Anya Taylor-Joy, Sarah Paulson, Samuel L. Jackson",Mike Gioulakis,"Luke Ciarrocchi, Blu Murray",West Dylan Thordson,"Universal Pictures , Perfect World Pictures , Blinding Edge Pictures  , Blumhouse Productions  , Buena Vista International ","Universal Pictures  , Buena Vista International   ",129 minutes ," $2,00,00,000.00 "," $24,70,00,000.00 "," $22,70,00,000.00 "
143,Get Out,Jordan Peele,Jordan Peele,"Sean McKittrick, Jason Blum, Edward H. Hamm Jr., Jordan Peele","Daniel Kaluuya, Allison Williams, Bradley Whitford, Caleb Landry Jones, Stephen Root, Catherine Keener",Toby Oliver,Gregory Plotkin,Michael Abels,"Blumhouse Productions, QC Entertainment, Monkeypaw Productions",Universal Pictures,104 minutes," $45,00,000.00 "," $25,54,00,000.00 "," $25,09,00,000.00 "
181,Us,Jordan Peele,Jordan Peele,"Jason Blum, Ian Cooper, Sean McKittrick, Jordan Peele","Lupita Nyongo, Winston Duke, Elisabeth Moss, Tim Heidecker",Mike Gioulakis,Nicholas Monsour,Michael Abels,"Monkeypaw Productions , Perfect World Pictures",Universal Pictures ,116 minutes ," $2,00,00,000.00 "," $25,61,00,000.00 "," $23,61,00,000.00 "
171,Halloween,David Gordon Green,"Jeff Fradley, Danny McBride, David Gordon Green","Malek Akkad, Jason Blum, Bill Block","Jamie Lee Curtis, Judy Greer, Andi Matichak, Will Patton, Virginia Gardner",Michael Simmonds,Tim Alverson,"John Carpenter, Cody Carpenter, Daniel Davies","Miramax, Blumhouse Productions, Trancas International Films, Rough House Pictures",Universal Pictures,106 minutes ," $1,00,00,000.00 "," $25,99,00,000.00 "," $24,99,00,000.00 "
80,Neighbors,Nicholas Stoller,"Andrew J. Cohen, Brendan OBrien","Evan Goldberg, Seth Rogen, James Weaver","Seth Rogen, Zac Efron, Rose Byrne, Christopher Mintz-Plasse, Dave Franco",Brandon Trost,Zene Baker,Michael Andrews,"Point Grey Pictures, Good Universe",Universal Pictures,97 minutes ," $1,80,00,000.00 "," $27,07,00,000.00 "," $25,27,00,000.00 "
48,The Bourne Legacy,Tony Gilroy,,"Frank Marshall, Patrick Crowley, Jeffrey M. Weiner, Ben Smith","Jeremy Renner, Rachel Weisz, Edward Norton, Albert Finney, Joan Allen, Stacey Keach, Oscar Isaac, Scott Glenn",Robert Elswit,John Gilroy,James Newton Howard,"Universal Pictures, Relativity Media, Kennedy Marshall, Captivate Entertainment",Universal Pictures,135 minutes ," $12,50,00,000.00 "," $27,61,00,000.00 "," $15,11,00,000.00 "
140,Split,M. Night Shyamalan,M. Night Shyamalan,"M. Night Shyamalan, Jason Blum, Marc Bienstock","James McAvoy, Anya Taylor-Joy, Betty Buckley",Mike Gioulakis,Luke Ciarrocchi,West Dylan Thordson,"Blinding Edge Pictures, Blumhouse Productions",Universal Pictures,118 minutes ," $90,00,000.00 "," $27,85,00,000.00 "," $26,95,00,000.00 "
102,Pitch Perfect 2,Elizabeth Banks,Kay Cannon,"Paul Brooks, Max Handelman, Elizabeth Banks","Anna Kendrick, Rebel Wilson, Hailee Steinfeld, Brittany Snow, Skylar Astin, Adam DeVine, Katey Sagal, Anna Camp, Alexis Knapp, Hana Mae Lee, Ester Dean, Chrissie Fit, John Michael Higgins, Elizabeth Banks",Jim Denault,Craig Alpert,Mark Mothersbaugh,"Gold Circle Films, Brownstone Productions",Universal Pictures,115 minutes ," $3,10,00,000.00 "," $28,75,00,000.00 "," $25,65,00,000.00 "
59,Oblivion,Joseph Kosinski,,"Peter Chernin, Dylan Clark, Duncan Henderson, Joseph Kosinski, Barry Levine","Tom Cruise, Morgan Freeman, Olga Kurylenko, Andrea Riseborough, Nikolaj Coster-Waldau, Melissa Leo",Claudio Miranda,Richard Francis-Bruce,"M83 , Anthony Gonzalez , Joseph Trapanese ","Relativity Media, Chernin Entertainment, Monolith Pictures, Radical Studios",Universal Pictures,124 minutes ," $12,00,00,000.00 "," $28,79,00,000.00 "," $16,79,00,000.00 "
159,Pacific Rim Uprising,Steven S. DeKnight,"Steven S. DeKnight, Emily Carmichael, Kira Snyder, T.S. Nowlin","Mary Parent, Cale Boyter, Guillermo del Toro, John Boyega, Femi Oguns, Thomas Tull, Jon Jashni","John Boyega, Scott Eastwood, Jing Tian, Cailee Spaeny, Rinko Kikuchi, Burn Gorman, Adria Arjona, Max Zhang, Charlie Day",Dan Mindel,"Zach Staenberg, Dylan Highsmith, Josh Schaeffer",Lorne Balfe,"Legendary Pictures, Double Dare You Productions, UpperRoom Productions",Universal Pictures  ,111 minutes ," $17,60,00,000.00 "," $29,09,00,000.00 "," $11,49,00,000.00 "
41,Battleship,Peter Berg,"Jon Hoeber, Erich Hoeber","Brian Goldner, Scott Stuber, Peter Berg, Sarah Aubrey, Duncan Henderson, Bennett Schneir","Taylor Kitsch, Alexander Skarsgard, Rihanna, Brooklyn Decker, Tadanobu Asano, Liam Neeson",Tobias A. Schliessler,"Colby Parker Jr., Billy Rich, Paul Rubell",Steve Jablonsky ,"Hasbro Studios, Bluegrass Films, Film ",Universal Pictures,131 minutes ," $22,00,00,000.00 "," $30,30,00,000.00 "," $8,30,00,000.00 "
166,Skyscraper,Rawson Marshall Thurber,Rawson Marshall Thurber,"Beau Flynn, Dwayne Johnson, Hiram Garcia, Rawson Marshall Thurber","Dwayne Johnson, Neve Campbell, Chin Han, Roland , Noah Taylor, Byron Mann, Pablo Schreiber, Hannah Quinlivan",Robert Elswit,"Mike Sale, Julian Clarke",Steve Jablonsky,"Legendary Pictures, Flynn Picture Company, Seven Bucks Productions, BAD VERSION Productions",Universal Pictures,102 minutes ," $12,90,00,000.00 "," $30,49,00,000.00 "," $17,59,00,000.00 "
26,Bridesmaids,Paul Feig,"Annie Mumolo, Kristen Wiig","Judd Apatow, Barry Mendel, Clayton Townsend","Kristen Wiig, Maya Rudolph, Rose Byrne, Wendi McLendon-Covey, Ellie Kemper, Melissa McCarthy, Chris ODowd",Robert Yeoman,"William Kerr, Mike Sale",Michael Andrews,"Apatow Productions, Relativity Media ",Universal Pictures,125 minutes ," $3,25,00,000.00 "," $30,64,00,000.00 "," $27,39,00,000.00 "
17,Little Fockers,Paul Weitz,"John Hamburg, Larry Stuckey","Jane Rosenthal, Robert De Niro, Jay Roach, John Hamburg","Robert De Niro, Ben Stiller, Owen Wilson, Blythe Danner, Teri Polo, Jessica Alba, Dustin Hoffman, Barbra Streisand",Remi Adefarasin,"Greg Hayden, Leslie Jones, Myron Kerstein",Stephen Trask,"DreamWorks Pictures a, Relativity Media, TriBeCa Productions, Everyman Pictures","Universal Pictures  , Paramount Pictures  ",98 minutes," $10,00,00,000.00 "," $31,07,00,000.00 "," $21,07,00,000.00 "
5,Robin Hood,Ridley Scott,,"Ridley Scott, Brian Grazer, Russell Crowe","Russell Crowe, Cate Blanchett, William Hurt, Mark Strong, Mark Addy, Oscar Isaac, Danny Huston, Eileen Atkins, Max von Sydow",John Mathieson,Pietro Scalia,Marc Streitenfeld,"Imagine Entertainment, Relativity Media, Scott Free Productions",Universal Pictures,140 minutes," $23,70,00,000.00 "," $32,17,00,000.00 "," $8,47,00,000.00 "
174,Green Book,Peter Farrelly,"Nick Vallelonga, Brian Hayes Currie, Peter Farrelly","Jim Burke, Brian Hayes Currie, Peter Farrelly, Nick Vallelonga, Charles B. Wessler","Viggo Mortensen, Mahershala Ali, Linda Cardellini",Sean Porter,Patrick J. Don Vito,Kris Bowers,"Participant Media , DreamWorks Pictures , Innisfree Pictures , Cinetic Media , Alibaba Pictures ",Universal Pictures ,130 minutes," $2,30,00,000.00 "," $32,18,00,000.00 "," $29,88,00,000.00 "
38,The Lorax,Chris Renaud,,"Chris Meledandri, Janet Healy","Danny DeVito, Ed Helms, Zac Efron, Taylor Swift, Rob Riggle, Jenny Slate, Betty White",,"Steven Liu, Claire Dodgson, Ken Schretzmann",John Powell ,,Universal Pictures,86 minutes ," $7,00,00,000.00 "," $35,14,00,000.00 "," $28,14,00,000.00 "
157,Fifty Shades Freed,James Foley,,"Michael De Luca, E. L. James, Dana Brunetti, Marcus Viscidi","Dakota Johnson, Jamie Dornan, Eric Johnson, Rita Ora, Luke Grimes, Victor Rasuk, Jennifer Ehle, Marcia Gay Harden",John Schwartzman,"Richard Francis-Bruce, Debra Neil-Fisher, David Clark",Danny Elfman,"Perfect World Pictures, Michael De Luca Productions, Trigger Street Productions",Universal Pictures,105 minutes ," $5,50,00,000.00 "," $37,20,00,000.00 "," $31,70,00,000.00 "
142,Fifty Shades Darker,James Foley,,"Michael De Luca, E. L. James, Dana Brunetti, Marcus Viscidi","Dakota Johnson, Jamie Dornan, Eric Johnson, Rita Ora, Luke Grimes, Victor Rasuk, Kim Basinger, Marcia Gay Harden",John Schwartzman,Richard Francis-Bruce,Danny Elfman,"Perfect World Pictures a, Michael De Luca Productions, Trigger Street Productions",Universal Pictures,118 minutes ," $5,50,00,000.00 "," $38,10,00,000.00 "," $32,60,00,000.00 "
197,Nineteen Seventeen,Sam Mendes,"Sam Mendes, Krysty Wilson-Cairns","Sam Mendes, Pippa Harris, Jayne-Ann Tenggren, Callum McDougall, Brian Oliver","George MacKay, Dean-Charles Chapman, Mark Strong, Andrew Scott, Richard Madden, Colin Firth, Benedict Cumberbatch",Roger Deakins,Lee Smith,Thomas Newman,"DreamWorks Pictures, Reliance Entertainment, New Republic Pictures, Mogambo, Neal Street Productions, Amblin Partners","Universal Pictures  , Entertainment One  ",119 minutes ," $10,00,00,000.00 "," $38,46,00,000.00 "," $28,46,00,000.00 "
42,Snow White and the Huntsman,Rupert Sanders,,"Joe Roth, Sam Mercer","Kristen Stewart, Charlize Theron, Chris Hemsworth, Sam Claflin, Ian McShane, Bob Hoskins, Ray Winstone, Nick Frost, Toby Jones",Greig Fraser,"Conrad Buff, Neil Smith",James Newton Howard,,Universal Pictures, 131 minutes  ," $17,00,00,000.00 "," $39,66,00,000.00 "," $22,66,00,000.00 "
167,Mamma Mia! Here We Go Again,Ol Parker,,"Judy Craymer, Gary Goetzman","Christine Baranski, Pierce Brosnan, Dominic Cooper, Colin Firth, Andy Garcia, Lily James, Amanda Seyfried, Stellan Skarsgard, Julie Walters, Cher, Meryl Streep",Robert Yeoman,Peter Lambert,"Benny Andersson,  Anne Dudley","Playtone , Littlestar Productions , Legendary Pictures , Perfect World Pictures",Universal Pictures,114 minutes ," $7,50,00,000.00 "," $40,23,00,000.00 "," $32,73,00,000.00 "
76,The Wolf of Wall Street,Martin Scorsese,,"Martin Scorsese, Leonardo DiCaprio, Riza Aziz, Joey McFarland, Emma Tillinger Koskoff","Leonardo DiCaprio, Jonah Hill, Margot Robbie, Matthew McConaughey, Kyle Chandler, Rob Reiner, Jon Favreau, Jean Dujardin",Rodrigo Prieto,Thelma Schoonmaker,,"Red Granite Pictures, Appian Way Productions, Sikelia Productions, EMJAG Productions",Paramount Pictures,180 minutes ," $10,00,00,000.00 "," $40,69,00,000.00 "," $30,69,00,000.00 "
145,The Mummy,Alex Kurtzman,,"Alex Kurtzman, Chris Morgan, Sean Daniel, Sarah Bradshaw","Tom Cruise, Annabelle Wallis, Sofia Boutella, Jake Johnson, Courtney B. Vance, Marwan Kenzari, Russell Crowe",Ben Seresin,"Paul Hirsch, Gina Hirsch, Andrew Mondshein",Brian Tyler,"Perfect World Pictures, Conspiracy Factory Productions, Sean Daniel Company, Secret Hideout, Chris Morgan Productions, TC Productions",Universal Pictures,110 minutes ," $19,50,00,000.00 "," $41,00,00,000.00 "," $21,50,00,000.00 "
129,Jason Bourne,Paul Greengrass,"Paul Greengrass, Christopher Rouse","Frank Marshall, Jeffrey M. Weiner, Ben Smith, Matt Damon, Paul Greengrass, Gregory Goodman","Matt Damon, Tommy Lee Jones, Alicia Vikander, Vincent Cassel, Julia Stiles, Riz Ahmed",Barry Ackroyd,Christopher Rouse,"John Powell, David Buckley","Universal Pictures, Perfect World Pictures, Kennedy Marshall, Captivate Entertainment, Pearl Street",Universal Pictures,123 minutes ," $12,00,00,000.00 "," $41,55,00,000.00 "," $29,55,00,000.00 "
125,Warcraft,Duncan Jones,"Charles Leavitt, Duncan Jones","Charles Roven, Alex Gartner, Thomas Tull, Jon Jashni, Stuart Fenegan","Travis Fimmel, Paula Patton, Ben Foster, Dominic Cooper, Toby Kebbell, Ben Schnetzer, Robert Kazinsky, Daniel Wu",Simon Duggan,Paul Hirsch,Ramin Djawadi,"Legendary Pictures, Blizzard Entertainment, Atlas Entertainment",Universal Pictures,123 minutes ," $16,00,00,000.00 "," $43,91,00,000.00 "," $27,91,00,000.00 "
56,Les Miserables,Tom Hooper,,"Tim Bevan, Eric Fellner, Debra Hayward, Cameron Mackintosh","Hugh Jackman, Russell Crowe, Anne Hathaway, Amanda Seyfried, Eddie Redmayne, Helena Bonham Carter, Sacha Baron Cohen",Danny Cohen,"Melanie Oliver, Chris Dickens",Claude-Michel,"Relativity Media , Working Title Films , Camack International ",Universal Pictures ,158 minutes ," $6,10,00,000.00 "," $44,27,00,000.00 "," $38,17,00,000.00 "
186,The Secret Life of Pets 2,Chris Renaud,Brian Lynch,"Chris Meledandri, Janet Healy","Patton Oswalt, Kevin Hart, Eric Stonestreet, Jenny Slate, Tiffany Haddish, Lake Bell, Nick Kroll, Dana Carvey, Ellie Kemper, Chris Renaud, Hannibal Buress, Bobby Moynihan, Harrison Ford",,Tiffany Hillkurtz,Alexandre Desplat ,,Universal Pictures ,86 minutes ," $8,00,00,000.00 "," $44,62,00,000.00 "," $36,62,00,000.00 "
83,Lucy,Luc Besson,Luc Besson,Virginie Besson-Silla,"Scarlett Johansson, Morgan Freeman",Thierry Arbogast,Julien Rey,Anric Serra,"EuropaCorp, TF Films Production, Canal+,  Cina+","EuropaCorp Distribution  , Universal Pictures  ",90 minutes ," $4,00,00,000.00 "," $46,90,00,000.00 "," $42,90,00,000.00 "
180,How to Train Your Dragon: The Hidden World,Dean DeBlois,Dean DeBlois,"Bonnie Arnold, Brad Lewis","Jay Baruchel, America Ferrera, F. Murray Abraham, Cate Blanchett, Craig Ferguson",,John K. Carr,John Powell,,Universal Pictures ,104 minutes ," $12,90,00,000.00 "," $52,57,00,000.00 "," $39,67,00,000.00 "
173,The Grinch,"Scott Mosier, Yarrow Cheney",,"Chris Meledandri, Janet Healy","Benedict Cumberbatch, Rashida Jones, Kenan Thompson, Angela Lansbury, Pharrell Williams",,Chris Cartagena,Danny Elfman ,"Universal Pictures , Illumination ",Universal Pictures ,85 minutes ," $7,50,00,000.00 "," $52,67,00,000.00 "," $45,17,00,000.00 "
9,Despicable Me,"Chris Renaud, Pierre Coffin",,"Chris Meledandri, Janet Healy, John Cohen","Steve Carell, Jason Segel, Russell Brand, Kristen Wiig, Miranda Cosgrove, Will Arnett, Danny McBride, Jack McBrayer, Julie Andrews",,"Pamela Ziegenhagen-Shefland, Gregory Perler","Pharrell Williams , Heitor Pereira ","Universal Pictures , Illumination Entertainment ",Universal Pictures ,95 minutes ," $6,90,00,000.00 "," $54,36,00,000.00 "," $47,46,00,000.00 "
44,Ted,Seth MacFarlane,,"Scott Stuber, Seth MacFarlane, John Jacobs, Jason Clark","Mark Wahlberg, Mila Kunis, Seth MacFarlane, Joel McHale, Giovanni Ribisi",Michael Barrett,Jeff Freeman,Walter Murphy,"Media Rights Capital, Fuzzy Door Productions, Bluegrass Films, Smart Entertainment",Universal Pictures,106 minutes ," $6,50,00,000.00 "," $54,94,00,000.00 "," $48,44,00,000.00 "
98,Fifty Shades of Grey,Sam Taylor-Johnson,,"Michael De Luca, E. L. James, Dana Brunetti","Dakota Johnson, Jamie Dornan, Jennifer Ehle, Marcia Gay Harden",Seamus McGarvey,"Debra Neil-Fisher, Anne V. Coates, Lisa Gunning",Danny Elfman,"Focus Features , Michael De Luca Productions , Trigger Street Productions ",Universal Pictures ,125 minutes ," $4,00,00,000.00 "," $56,97,00,000.00 "," $52,97,00,000.00 "
25,Fast Five,Justin Lin,Chris Morgan,"Neal H. Moritz, Vin Diesel, Michael Fottrell","Vin Diesel, Paul Walker, Jordana Brewster, Tyrese Gibson, Chris Ludacris Bridges, Matt Schulze, Sung Kang, Dwayne Johnson",Stephen F. Windon,"Christian Wagner, Kelly Matsumoto, Fred Raskin",Brian Tyler,"Original Film, One Race Films",Universal Pictures,130 minutes ," $12,50,00,000.00 "," $62,61,00,000.00 "," $50,11,00,000.00 "
158,I Am Losing Weight,Aleksey Nuzhnyy,,"Sergey Kornikhin, Nikolay Kulikov, Aleksey Nuzhnyy, Alena Kremer, Ekaterina Kononenko, Ilya Naishuller","Aleksandra Bortich, Irina Gorbacheva, Yevgeny Kulik, Roman Kurtsyn, Sergey Shnurov",Kirill Klepalov Evgeny Kolskiy,Avet Oganesnyan,Dmitriy Lanskoy Dmitriy Emelyanov,Droog Drooga Versus Pictures,Universal Pictures International  ,102  minutes," $8,70,00,000.00 "," $63,30,00,000.00 "," $54,60,00,000.00 "
138,Sing,Garth Jennings,Garth Jennings,"Chris Meledandri, Janet Healy","Matthew McConaughey, Reese Witherspoon, Seth MacFarlane, Scarlett Johansson, John C. Reilly, Taron Egerton, Tori Kelly",Guylo Homsy ,Gregory Perler ,Joby Talbot,,Universal Pictures,107 minutes ," $7,50,00,000.00 "," $63,40,00,000.00 "," $55,90,00,000.00 "
188,Hobbs & Shaw,David Leitch,,"Dwayne Johnson, Jason Statham, Chris Morgan, Hiram Garcia","Dwayne Johnson, Jason Statham, Idris Elba, Vanessa Kirby, Cliff Curtis, Helen Mirren",Jonathan Sela,Christopher Rouse,Tyler Bates,"Seven Bucks Productions, Chris Morgan Productions ",Universal Pictures,137 minutes ," $20,00,00,000.00 "," $76,07,00,000.00 "," $56,07,00,000.00 "
60,Fast & Furious 6,Justin Lin,Chris Morgan,"Neal H. Moritz, Vin Diesel, Clayton Townsend","Vin Diesel, Paul Walker, Dwayne Johnson, Michelle Rodriguez, Jordana Brewster, Tyrese Gibson, Chris Ludacris Bridges, Sung Kang, Luke Evans, Gina Carano, John Ortiz",Stephen F. Windon,"Christian Wagner, Kelly Matsumoto, Dylan Highsmith",Lucas Vidal,"Relativity Media , Original Film , One Race Films , Dentsu ",Universal Pictures ,130 minutes ," $26,00,00,000.00 "," $78,87,00,000.00 "," $52,87,00,000.00 "
128,The Secret Life of Pets,Chris Renaud,"Cinco Paul, Ken Daurio , Brian Lynch ","Chris Meledandri , Janet Healy ","Louis C.K., Eric Stonestreet, Kevin Hart, Jenny Slate, Ellie Kemper, Lake Bell, Dana Carvey, Hannibal Buress, Bobby Moynihan, Steve Coogan, Albert Brooks",,Ken Schretzmann,Alexandre Desplat,,Universal Pictures,86 minutes ," $7,50,00,000.00 "," $88,53,00,000.00 "," $81,03,00,000.00 "
62,Despicable Me 2,"Chris Renaud, Pierre Coffin",Cinco Paul Ken Daurio,"Chris Meledandri, Janet Healy","Steve Carell, Kristen Wiig, Benjamin Bratt, Miranda Cosgrove, Russell Brand, Ken Jeong",,Gregory Perler,"Heitor Pereira , Pharrell Williams ",,Universal Pictures,98 minutes ," $7,60,00,000.00 "," $97,10,00,000.00 "," $89,50,00,000.00 "
146,Despicable Me 3,"Pierre Coffin, Kyle Balda",Cinco Paul Ken Daurio,"Chris Meledandri, Janet Healy","Steve Carell, Kristen Wiig, Trey Parker, Miranda Cosgrove, Steve Coogan, Jenny Slate, Dana Gaier, Julie Andrews",,Claire Dodgson,"Heitor Pereira , Pharrell Williams ","Universal Pictures , Illumination ",Universal Pictures ,90 minutes ," $8,00,00,000.00 "," $1,03,50,00,000.00 "," $95,50,00,000.00 "
105,Minions,"Pierre Coffin, Kyle Balda",Brian Lynch,"Chris Meledandri, Janet Healy","Sandra Bullock, Jon Hamm, Michael Keaton, Allison Janney, Steve Coogan, Jennifer Saunders, Pierre Coffin, Geoffrey Rush",,Claire Dodgson,Heitor Pereira,,Universal Pictures,91 minutes ," $7,40,00,000.00 "," $1,15,90,00,000.00 "," $1,08,50,00,000.00 "
144,The Fate of the Furious,F. Gary Gray,Chris Morgan,"Neal H. Moritz, Vin Diesel, Michael Fottrell, Chris Morgan","Vin Diesel, Dwayne Johnson, Jason Statham, Michelle Rodriguez, Tyrese Gibson, Chris Ludacris Bridges, Kurt Russell, Charlize Theron",Stephen F. Windon,"Christian Wagner, Paul Rubell",Brian Tyler,"Original Film, One Race Films, China Film Group Corporation",Universal Pictures,136 minutes ," $27,00,00,000.00 "," $1,23,60,00,000.00 "," $96,60,00,000.00 "
164,Jurassic World: Fallen Kingdom,J. A. Bayona,"Derek Connolly, Colin Trevorrow","Frank Marshall, Patrick Crowley, Belen Atienza","Chris Pratt, Bryce Dallas Howard, Rafe Spall, Toby Jones, Ted Levine, BD Wong, Jeff Goldblum",Ascar Faura,Bernat Vilaplana,Michael Giacchino,"Amblin Entertainment , Legendary Pictures , The Kennedy Marshall Company , Perfect World Pictures ",Universal Pictures ,128 minutes ," $43,20,00,000.00 "," $1,31,00,00,000.00 "," $87,80,00,000.00 "
99,Furious 7,James Wan,Chris Morgan,"Neal H. Moritz, Vin Diesel, Michael Fottrell","Vin Diesel, Paul Walker, Dwayne Johnson, Michelle Rodriguez, Tyrese Gibson, Chris Ludacris Bridges, Jordana Brewster, Djimon Hounsou, Kurt Russell, Jason Statham","Stephen F. Windon, Marc Spicer","Christian Wagner, Dylan Highsmith, Kirk Morri, Leigh Folsom Boyd",Brian Tyler,"MRC, Original Film, One Race Films, China Film Group Corporation ",Universal Pictures,137 minutes ," $19,00,00,000.00 "," $1,51,50,00,000.00 "," $1,32,50,00,000.00 "
103,Jurassic World,Colin Trevorrow,,"Frank Marshall, Patrick Crowley","Chris Pratt, Bryce Dallas Howard, Vincent DOnofrio, Ty Simpkins, Nick Robinson, Omar Sy, BD Wong, Irrfan Khan",John Schwartzman,Kevin Stitt,Michael Giacchino,"Amblin Entertainment, Legendary Pictures, The Kennedy Marshall Company ",Universal Pictures,124 minutes ," $21,50,00,000.00 "," $1,67,10,00,000.00 "," $1,45,60,00,000.00 "
7,Senna,Asif Kapadia,Manish Pandey,Chris Berend Tim Bevan Eric Fellner James Gay-Rees,Ayrton Senna Alain Prost Frank Williams Ron Dennis,Jake Polonsky,Chris King Gregers Sall,Antonio Pinto,StudioCanal Working Title Films Midfield Films,Universal Pictures,106 minutes ,,,
15,Catfish,Henry Joost Ariel Schulman,,Andrew Jarecki Marc Smerling Henry Joost Ariel Schulman,Nev Schulman Henry Joost Ariel Schulman,Henry Joost Ariel Schulman Nev Schulman,Zachary Stuart-Pontier,Mark Mothersbaugh,Relativity Media Rogue Pictures Hit the Ground Running  A Supermarche ,Universal Pictures,87 minutes ,,,
43,A Fantastic Fear of Everything,Chris Hopewell Crispian Mills,Crispian Mills,Geraldine Patten,"Simon Pegg, Clare Higgins, Amara Karan, Paul Freeman, Alan Drake",Simon Chaudoir,Dan Roberts,Michael Price,Indomina Productions Pinewood Films The Works International Keel Films,Universal Pictures,100 minutes," $15,00,000.00 ",," $-15,00,000.00 "
45,Storage 24,Johannes Roberts,,Manu Kumaran Noel Clarke,"Noel Clarke, Colin ODonoghue, Antonia Campbell-Hughes, Laura Haddock",Tim Sidell,Martin Brinkler,Christian Henson,Unstoppable Entertainment Big Yellow Films Medient Entertainment,"Magnolia Pictures and Magnet Releasing   , Universal Pictures  ",87 minutes," $16,00,000.00 ",," $-16,00,000.00 "
50,Mental,P. J. Hogan,P. J. Hogan,"Janet Zucker, Jerry Zucker, Todd Fellman, Jocelyn Moorhouse","Toni Collette, Anthony LaPaglia, Liev Schreiber, Rebecca Gibney",Donald McAlpine,Jill Bilcock,Michael Yezerski,"Screen Australia, Screen Queensland, Screen NSW, Zucker Productions, Story Bridge Films",Universal Pictures,116 minutes,,,
134,Ordinary World,Lee Kirk,Lee Kirk,"Alex A. Ginzburg, Tony Lee, Tim Perell","Billie Joe Armstrong, Selma Blair, Judy Greer, Chris Messina, Fred Armisen",Scott Miller,Stephen Haren,Dickon Hinchliffe Billie Joe Armstrong,"Let It Play, Process Media",Universal Pictures,86 minutes,,,
137,Frank & Lola,Matthew Ross,Matthew Ross,"Jay Van Hoy, John Baker, Christopher Ramirez, Lars Knudsen","Michael Shannon, Imogen Poots, Michael Nyqvist, Justin Long, Stella Schnabel, Rosanna Arquette, Emmanuelle Devos",Eric Koretz,"Jennifer Lilly, Rebecca Rodriguez","Daniel Bensi, Saunder Jurriaans","Parts and Labor, Killer Films, Lola Pictures, FullDawa Films, Great Point Media",Paladin,88 minutes,,,
194,Les Miserables: The Staged Concert,"Nick Morris James Powell , Jean-Pierre van der Spuy",,Dione Orrom,Alfie Boe Michael Ball Carrie Hope Fletcher Matt Lucas Katy Secombe Rob Houchen Lily Kerhoas Shan Ako Bradley Jaden Earl Carpenter,,Tim Thompsett,Claude-Michel ,,Universal Pictures, 165 minutes  ,,,
